SKU,COLORS ,SIZES,TITLE,SHORTDESCRIPTION,LONGDESCRIPTION,REGULAR PRICE,VENDOR,CATEGORIES,IMAGE ALT TEXT,IMAGE CAPTION TEXT,META TITLE,META DESCRIPTION,META KEYWORDS
25961,"Black, Ivory","00, 0, 2, 4, 6, 8, 10, 12, 14",La Femme 25961,La Femme 25961 Dress,"La Femme 25961 dresses are available is these colors: Black, Ivory. Our guaranteed low price is $578 for all sizes: 00-14.  Buy your authentic La Femme 25961 from an authorized International Prom Association Retailer.",578,La Femme,Black Dresses;Fit and Flare Dresses;Formal Dresses;Homecoming Dresses;Long Dresses;Mermaid Dresses;Party Dresses;Prom Dresses;Sweetheart Neckline Dresses;V-Neck Dresses;La Femme;Nude Dresses;White Dresses,"La Femme 25961 dresses images.  Available in Black, Ivory for $578",La Femme 25961,La Femme - 25961 - Formal Dress - Prom Dress - 25961,"La Femme 25961 prom dress available for $578. Buy with confidence, this is an authentic La Femme 25961 designer dress.","25961,La Femme,LaFemme 25961,Prom Dress,Prom Gown,Formal,Evening,2018 Prom Dresses,2018 Prom Gowns,Gigi by La Femme,LaFemme Dresses,La Femme Fashion,La Femme Evening Collection"
25962,"Forest Green, Plum, Poppy Red, Sapphire Blue","00, 0, 2, 4, 6, 8, 10, 12",La Femme 25962,La Femme 25962 Dress,"La Femme 25962 dresses are available is these colors: Forest Green, Plum, Poppy Red, Sapphire Blue. Our guaranteed low price is $338 for all sizes: 00-12.  Buy your authentic La Femme 25962 from an authorized International Prom Association Retailer.",338,La Femme,Formal Dresses;Green Dresses;Homecoming Dresses;Long Dresses;Party Dresses;Prom Dresses;Scoop Necklines Dresses;Sexy and Sleek Dresses;Straight Dresses;La Femme;Purple Dresses;Red Dresses;Blue Dresses,"La Femme 25962 dresses images.  Available in Forest Green, Plum, Poppy Red, Sapphire Blue for $338",La Femme 25962,La Femme - 25962 - Formal Dress - Prom Dress - 25962,"La Femme 25962 prom dress available for $338. Buy with confidence, this is an authentic La Femme 25962 designer dress.","25962,La Femme,LaFemme 25962,Prom Dress,Prom Gown,Formal,Evening,2018 Prom Dresses,2018 Prom Gowns,Gigi by La Femme,LaFemme Dresses,La Femme Fashion,La Femme Evening Collection"
25967,"Blush, Ivory, Navy","00, 0, 2, 4, 6, 8, 10, 12, 14, 16, 18, 20",La Femme 25967,La Femme 25967 Dress,"La Femme 25967 dresses are available is these colors: Blush, Ivory, Navy. Our guaranteed low price is $498 for all sizes: 00-20.  Buy your authentic La Femme 25967 from an authorized International Prom Association Retailer.",498,La Femme,Formal Dresses;Halter Neckline Dresses;Homecoming Dresses;Long Dresses;Party Dresses;Pink Dresses;Prom Dresses;Sexy and Sleek Dresses;Straight Dresses;La Femme;White Dresses;Blue Dresses,"La Femme 25967 dresses images.  Available in Blush, Ivory, Navy for $498",La Femme 25967,La Femme - 25967 - Formal Dress - Prom Dress - 25967,"La Femme 25967 prom dress available for $498. Buy with confidence, this is an authentic La Femme 25967 designer dress.","25967,La Femme,LaFemme 25967,Prom Dress,Prom Gown,Formal,Evening,2018 Prom Dresses,2018 Prom Gowns,Gigi by La Femme,LaFemme Dresses,La Femme Fashion,La Femme Evening Collection"
25970,"Ivory, Navy, Teal","00, 0, 2, 4, 6, 8, 10, 12, 14, 16, 18, 20",La Femme 25970,La Femme 25970 Dress,"La Femme 25970 dresses are available is these colors: Ivory, Navy, Teal. Our guaranteed low price is $478 for all sizes: 00-20.  Buy your authentic La Femme 25970 from an authorized International Prom Association Retailer.",478,La Femme,Ball Gowns;Blue Dresses;Fit and Flare Dresses;Formal Dresses;Homecoming Dresses;Long Dresses;Party Dresses;Prom Dresses;Sweetheart Neckline Dresses;V-Neck Dresses;La Femme;Green Dresses;Illusion Dresses,"La Femme 25970 dresses images.  Available in Ivory, Navy, Teal for $478",La Femme 25970,La Femme - 25970 - Formal Dress - Prom Dress - 25970,"La Femme 25970 prom dress available for $478. Buy with confidence, this is an authentic La Femme 25970 designer dress.","25970,La Femme,LaFemme 25970,Prom Dress,Prom Gown,Formal,Evening,2018 Prom Dresses,2018 Prom Gowns,Gigi by La Femme,LaFemme Dresses,La Femme Fashion,La Femme Evening Collection"
25972,"Deep Red, Evergreen, Ivory, Navy","00, 0, 2, 4, 6, 8, 10, 12, 14",La Femme 25972,La Femme 25972 Dress,"La Femme 25972 dresses are available is these colors: Deep Red, Evergreen, Ivory, Navy. Our guaranteed low price is $450 for all sizes: 00-14.  Buy your authentic La Femme 25972 from an authorized International Prom Association Retailer.",450,La Femme,Fit and Flare Dresses;Formal Dresses;Homecoming Dresses;Illusion Dresses;Long Dresses;Mermaid Dresses;Party Dresses;Prom Dresses;Red Dresses;Sweetheart Neckline Dresses;V-Neck Dresses;La Femme;Green Dresses;White Dresses;Blue Dresses,"La Femme 25972 dresses images.  Available in Deep Red, Evergreen, Ivory, Navy for $450",La Femme 25972,La Femme - 25972 - Formal Dress - Prom Dress - 25972,"La Femme 25972 prom dress available for $450. Buy with confidence, this is an authentic La Femme 25972 designer dress.","25972,La Femme,LaFemme 25972,Prom Dress,Prom Gown,Formal,Evening,2018 Prom Dresses,2018 Prom Gowns,Gigi by La Femme,LaFemme Dresses,La Femme Fashion,La Femme Evening Collection"
25973,"Burgundy, Dark Periwinkle","00, 0, 2, 4, 6, 8, 10, 12",La Femme 25973,La Femme 25973 Dress,"La Femme 25973 dresses are available is these colors: Burgundy, Dark Periwinkle. Our guaranteed low price is $498 for all sizes: 00-12.  Buy your authentic La Femme 25973 from an authorized International Prom Association Retailer.",498,La Femme,A-Line Dresses;Formal Dresses;Homecoming Dresses;Long Dresses;Party Dresses;Prom Dresses;Red Dresses;Sweetheart Neckline Dresses;V-Neck Dresses;La Femme;Purple Dresses,"La Femme 25973 dresses images.  Available in Burgundy, Dark Periwinkle for $498",La Femme 25973,La Femme - 25973 - Formal Dress - Prom Dress - 25973,"La Femme 25973 prom dress available for $498. Buy with confidence, this is an authentic La Femme 25973 designer dress.","25973,La Femme,LaFemme 25973,Prom Dress,Prom Gown,Formal,Evening,2018 Prom Dresses,2018 Prom Gowns,Gigi by La Femme,LaFemme Dresses,La Femme Fashion,La Femme Evening Collection"
25976,Black Ivory,"00, 0, 2, 4, 6, 8, 10, 12, 14, 16, 18, 20",La Femme 25976,La Femme 25976 Dress,La Femme 25976 dresses are available is these colors: Black Ivory. Our guaranteed low price is $478 for all sizes: 00-20.  Buy your authentic La Femme 25976 from an authorized International Prom Association Retailer.,478,La Femme,Ball Gowns;Black Dresses;Fit and Flare Dresses;Formal Dresses;Homecoming Dresses;Long Dresses;Party Dresses;Print Dresses;Prom Dresses;Sweetheart Neckline Dresses;V-Neck Dresses;White Dresses;La Femme,La Femme 25976 dresses images.  Available in Black Ivory for $478,La Femme 25976,La Femme - 25976 - Formal Dress - Prom Dress - 25976,"La Femme 25976 prom dress available for $478. Buy with confidence, this is an authentic La Femme 25976 designer dress.","25976,La Femme,LaFemme 25976,Prom Dress,Prom Gown,Formal,Evening,2018 Prom Dresses,2018 Prom Gowns,Gigi by La Femme,LaFemme Dresses,La Femme Fashion,La Femme Evening Collection"
25978,"Jade, Sapphire Blue","00, 0, 2, 4, 6, 8, 10, 12, 14",La Femme 25978,La Femme 25978 Dress,"La Femme 25978 dresses are available is these colors: Jade, Sapphire Blue. Our guaranteed low price is $398 for all sizes: 00-14.  Buy your authentic La Femme 25978 from an authorized International Prom Association Retailer.",398,La Femme,A-Line Dresses;Formal Dresses;Green Dresses;Homecoming Dresses;Long Dresses;Party Dresses;Prom Dresses;Scoop Necklines Dresses;Two Piece Dresses;La Femme;Blue Dresses,"La Femme 25978 dresses images.  Available in Jade, Sapphire Blue for $398",La Femme 25978,La Femme - 25978 - Formal Dress - Prom Dress - 25978,"La Femme 25978 prom dress available for $398. Buy with confidence, this is an authentic La Femme 25978 designer dress.","25978,La Femme,LaFemme 25978,Prom Dress,Prom Gown,Formal,Evening,2018 Prom Dresses,2018 Prom Gowns,Gigi by La Femme,LaFemme Dresses,La Femme Fashion,La Femme Evening Collection"
25981,"Black, Blush, Sapphire Blue","00, 0, 2, 4, 6, 8, 10, 12, 14",La Femme 25981,La Femme 25981 Dress,"La Femme 25981 dresses are available is these colors: Black, Blush, Sapphire Blue. Our guaranteed low price is $398 for all sizes: 00-14.  Buy your authentic La Femme 25981 from an authorized International Prom Association Retailer.",398,La Femme,Blue Dresses;Formal Dresses;Homecoming Dresses;Long Dresses;Party Dresses;Prom Dresses;Scoop Necklines Dresses;Sexy and Sleek Dresses;Straight Dresses;La Femme,"La Femme 25981 dresses images.  Available in Black, Blush, Sapphire Blue for $398",La Femme 25981,La Femme - 25981 - Formal Dress - Prom Dress - 25981,"La Femme 25981 prom dress available for $398. Buy with confidence, this is an authentic La Femme 25981 designer dress.","25981,La Femme,LaFemme 25981,Prom Dress,Prom Gown,Formal,Evening,2018 Prom Dresses,2018 Prom Gowns,Gigi by La Femme,LaFemme Dresses,La Femme Fashion,La Femme Evening Collection"
25983,Black,"00, 0, 2, 4, 6, 8, 10, 12, 14",La Femme 25983,La Femme 25983 Dress,La Femme 25983 dresses are available is these colors: Black. Our guaranteed low price is $438 for all sizes: 00-14.  Buy your authentic La Femme 25983 from an authorized International Prom Association Retailer.,438,La Femme,Black Dresses;Formal Dresses;Homecoming Dresses;Illusion Dresses;Long Dresses;Party Dresses;Prom Dresses;Two Piece Dresses;La Femme,La Femme 25983 dresses images.  Available in Black for $438,La Femme 25983,La Femme - 25983 - Formal Dress - Prom Dress - 25983,"La Femme 25983 prom dress available for $438. Buy with confidence, this is an authentic La Femme 25983 designer dress.","25983,La Femme,LaFemme 25983,Prom Dress,Prom Gown,Formal,Evening,2018 Prom Dresses,2018 Prom Gowns,Gigi by La Femme,LaFemme Dresses,La Femme Fashion,La Femme Evening Collection"
25986,"Garnet, Navy","00, 0, 2, 4, 6, 8, 10, 12, 14, 16, 18, 20",La Femme 25986,La Femme 25986 Dress,"La Femme 25986 dresses are available is these colors: Garnet, Navy. Our guaranteed low price is $498 for all sizes: 00-20.  Buy your authentic La Femme 25986 from an authorized International Prom Association Retailer.",498,La Femme,Ball Gowns;Fit and Flare Dresses;Formal Dresses;Halter Neckline Dresses;Homecoming Dresses;Long Dresses;Party Dresses;Prom Dresses;Red Dresses;La Femme;Blue Dresses,"La Femme 25986 dresses images.  Available in Garnet, Navy for $498",La Femme 25986,La Femme - 25986 - Formal Dress - Prom Dress - 25986,"La Femme 25986 prom dress available for $498. Buy with confidence, this is an authentic La Femme 25986 designer dress.","25986,La Femme,LaFemme 25986,Prom Dress,Prom Gown,Formal,Evening,2018 Prom Dresses,2018 Prom Gowns,Gigi by La Femme,LaFemme Dresses,La Femme Fashion,La Femme Evening Collection"
26000,Silver Gold,"00, 0, 2, 4, 6, 8, 10, 12",La Femme 26000,La Femme 26000 Dress,La Femme 26000 dresses are available is these colors: Silver Gold. Our guaranteed low price is $398 for all sizes: 00-12.  Buy your authentic La Femme 26000 from an authorized International Prom Association Retailer.,398,La Femme,Formal Dresses;Gold Dresses;Homecoming Dresses;Long Dresses;Party Dresses;Prom Dresses;Sequin Dresses;Sexy and Sleek Dresses;Straight Dresses;Sweetheart Neckline Dresses;V-Neck Dresses;La Femme,La Femme 26000 dresses images.  Available in Silver Gold for $398,La Femme 26000,La Femme - 26000 - Formal Dress - Prom Dress - 26000,"La Femme 26000 prom dress available for $398. Buy with confidence, this is an authentic La Femme 26000 designer dress.","26000,La Femme,LaFemme 26000,Prom Dress,Prom Gown,Formal,Evening,2018 Prom Dresses,2018 Prom Gowns,Gigi by La Femme,LaFemme Dresses,La Femme Fashion,La Femme Evening Collection"
26001,"Forest Green, Hot Pink, Indigo","00, 0, 2, 4, 6, 8, 10, 12, 14",La Femme 26001,La Femme 26001 Dress,"La Femme 26001 dresses are available is these colors: Forest Green, Hot Pink, Indigo. Our guaranteed low price is $398 for all sizes: 00-14.  Buy your authentic La Femme 26001 from an authorized International Prom Association Retailer.",398,La Femme,Fit and Flare Dresses;Formal Dresses;Green Dresses;Homecoming Dresses;Long Dresses;Mermaid Dresses;Party Dresses;Prom Dresses;Strapless Dresses;Sweetheart Neckline Dresses;V-Neck Dresses;La Femme;Pink Dresses;Purple Dresses,"La Femme 26001 dresses images.  Available in Forest Green, Hot Pink, Indigo for $398",La Femme 26001,La Femme - 26001 - Formal Dress - Prom Dress - 26001,"La Femme 26001 prom dress available for $398. Buy with confidence, this is an authentic La Femme 26001 designer dress.","26001,La Femme,LaFemme 26001,Prom Dress,Prom Gown,Formal,Evening,2018 Prom Dresses,2018 Prom Gowns,Gigi by La Femme,LaFemme Dresses,La Femme Fashion,La Femme Evening Collection"
26002,"Garnet, Hunter Green, Marine Blue","00, 0, 2, 4, 6, 8, 10, 12",La Femme 26002,La Femme 26002 Dress,"La Femme 26002 dresses are available is these colors: Garnet, Hunter Green, Marine Blue. Our guaranteed low price is $350 for all sizes: 00-12.  Buy your authentic La Femme 26002 from an authorized International Prom Association Retailer.",350,La Femme,A-Line Dresses;Formal Dresses;Green Dresses;Homecoming Dresses;Long Dresses;Party Dresses;Prom Dresses;Scoop Necklines Dresses;La Femme,"La Femme 26002 dresses images.  Available in Garnet, Hunter Green, Marine Blue for $350",La Femme 26002,La Femme - 26002 - Formal Dress - Prom Dress - 26002,"La Femme 26002 prom dress available for $350. Buy with confidence, this is an authentic La Femme 26002 designer dress.","26002,La Femme,LaFemme 26002,Prom Dress,Prom Gown,Formal,Evening,2018 Prom Dresses,2018 Prom Gowns,Gigi by La Femme,LaFemme Dresses,La Femme Fashion,La Femme Evening Collection"
26004,"Burgundy, Navy","00, 0, 2, 4, 6, 8, 10, 12",La Femme 26004,La Femme 26004 Dress,"La Femme 26004 dresses are available is these colors: Burgundy, Navy. Our guaranteed low price is $338 for all sizes: 00-12.  Buy your authentic La Femme 26004 from an authorized International Prom Association Retailer.",338,La Femme,Blue Dresses;Formal Dresses;Halter Neckline Dresses;Homecoming Dresses;Long Dresses;Party Dresses;Prom Dresses;Sexy and Sleek Dresses;Straight Dresses;La Femme,"La Femme 26004 dresses images.  Available in Burgundy, Navy for $338",La Femme 26004,La Femme - 26004 - Formal Dress - Prom Dress - 26004,"La Femme 26004 prom dress available for $338. Buy with confidence, this is an authentic La Femme 26004 designer dress.","26004,La Femme,LaFemme 26004,Prom Dress,Prom Gown,Formal,Evening,2018 Prom Dresses,2018 Prom Gowns,Gigi by La Femme,LaFemme Dresses,La Femme Fashion,La Femme Evening Collection"
26005,"Burgundy, Hot Pink, Navy, Yellow","00, 0, 2, 4, 6, 8, 10, 12",La Femme 26005,La Femme 26005 Dress,"La Femme 26005 dresses are available is these colors: Burgundy, Hot Pink, Navy, Yellow. Our guaranteed low price is $338 for all sizes: 00-12.  Buy your authentic La Femme 26005 from an authorized International Prom Association Retailer.",338,La Femme,Formal Dresses;Homecoming Dresses;Long Dresses;Party Dresses;Prom Dresses;Red Dresses;Scoop Necklines Dresses;Sexy and Sleek Dresses;Straight Dresses;La Femme;Pink Dresses;Yellow Dresses,"La Femme 26005 dresses images.  Available in Burgundy, Hot Pink, Navy, Yellow for $338",La Femme 26005,La Femme - 26005 - Formal Dress - Prom Dress - 26005,"La Femme 26005 prom dress available for $338. Buy with confidence, this is an authentic La Femme 26005 designer dress.","26005,La Femme,LaFemme 26005,Prom Dress,Prom Gown,Formal,Evening,2018 Prom Dresses,2018 Prom Gowns,Gigi by La Femme,LaFemme Dresses,La Femme Fashion,La Femme Evening Collection"
26012,"Burgundy, Electric Purple","00, 0, 2, 4, 6, 8, 10, 12",La Femme 26012,La Femme 26012 Dress,"La Femme 26012 dresses are available is these colors: Burgundy, Electric Purple. Our guaranteed low price is $350 for all sizes: 00-12.  Buy your authentic La Femme 26012 from an authorized International Prom Association Retailer.",350,La Femme,Formal Dresses;Homecoming Dresses;Long Dresses;Party Dresses;Prom Dresses;Red Dresses;Sexy and Sleek Dresses;Straight Dresses;Sweetheart Neckline Dresses;V-Neck Dresses;La Femme;Purple Dresses,"La Femme 26012 dresses images.  Available in Burgundy, Electric Purple for $350",La Femme 26012,La Femme - 26012 - Formal Dress - Prom Dress - 26012,"La Femme 26012 prom dress available for $350. Buy with confidence, this is an authentic La Femme 26012 designer dress.","26012,La Femme,LaFemme 26012,Prom Dress,Prom Gown,Formal,Evening,2018 Prom Dresses,2018 Prom Gowns,Gigi by La Femme,LaFemme Dresses,La Femme Fashion,La Femme Evening Collection"
26013,Dark Wash,"00, 0, 2, 4, 6, 8, 10, 12",La Femme 26013,La Femme 26013 Dress,La Femme 26013 dresses are available is these colors: Dark Wash. Our guaranteed low price is $478 for all sizes: 00-12.  Buy your authentic La Femme 26013 from an authorized International Prom Association Retailer.,478,La Femme,Blue Dresses;Embroiderd Dresses;Fit and Flare Dresses;Formal Dresses;Homecoming Dresses;Long Dresses;Mermaid Dresses;Party Dresses;Prom Dresses;Sweetheart Neckline Dresses;V-Neck Dresses;La Femme,La Femme 26013 dresses images.  Available in Dark Wash for $478,La Femme 26013,La Femme - 26013 - Formal Dress - Prom Dress - 26013,"La Femme 26013 prom dress available for $478. Buy with confidence, this is an authentic La Femme 26013 designer dress.","26013,La Femme,LaFemme 26013,Prom Dress,Prom Gown,Formal,Evening,2018 Prom Dresses,2018 Prom Gowns,Gigi by La Femme,LaFemme Dresses,La Femme Fashion,La Femme Evening Collection"
26015,"Light Blush, Navy, Red","00, 0, 2, 4, 6, 8, 10, 12, 14, 16, 18, 20",La Femme 26015,La Femme 26015 Dress,"La Femme 26015 dresses are available is these colors: Light Blush, Navy, Red. Our guaranteed low price is $350 for all sizes: 00-20.  Buy your authentic La Femme 26015 from an authorized International Prom Association Retailer.",350,La Femme,A-Line Dresses;Formal Dresses;Homecoming Dresses;Long Dresses;Party Dresses;Prom Dresses;Red Dresses;Sweetheart Neckline Dresses;V-Neck Dresses;La Femme;Pink Dresses;Blue Dresses,"La Femme 26015 dresses images.  Available in Light Blush, Navy, Red for $350",La Femme 26015,La Femme - 26015 - Formal Dress - Prom Dress - 26015,"La Femme 26015 prom dress available for $350. Buy with confidence, this is an authentic La Femme 26015 designer dress.","26015,La Femme,LaFemme 26015,Prom Dress,Prom Gown,Formal,Evening,2018 Prom Dresses,2018 Prom Gowns,Gigi by La Femme,LaFemme Dresses,La Femme Fashion,La Femme Evening Collection"
26017,"Blush, Emerald, Navy, Silver, Wine","00, 0, 2, 4, 6, 8, 10, 12, 14",La Femme 26017,La Femme 26017 Dress,"La Femme 26017 dresses are available is these colors: Blush, Emerald, Navy, Silver, Wine. Our guaranteed low price is $278 for all sizes: 00-14.  Buy your authentic La Femme 26017 from an authorized International Prom Association Retailer.",278,La Femme,A-Line Dresses;Formal Dresses;Homecoming Dresses;Long Dresses;Open Back Dresses;Party Dresses;Pink Dresses;Prom Dresses;Strapless Dresses;Sweetheart Neckline Dresses;V-Neck Dresses;La Femme;Green Dresses;Blue Dresses;Silver Dresses;Red Dresses,"La Femme 26017 dresses images.  Available in Blush, Emerald, Navy, Silver, Wine for $278",La Femme 26017,La Femme - 26017 - Formal Dress - Prom Dress - 26017,"La Femme 26017 prom dress available for $278. Buy with confidence, this is an authentic La Femme 26017 designer dress.","26017,La Femme,LaFemme 26017,Prom Dress,Prom Gown,Formal,Evening,2018 Prom Dresses,2018 Prom Gowns,Gigi by La Femme,LaFemme Dresses,La Femme Fashion,La Femme Evening Collection"
26021,"Royal Blue, Wine","00, 0, 2, 4, 6, 8, 10, 12",La Femme 26021,La Femme 26021 Dress,"La Femme 26021 dresses are available is these colors: Royal Blue, Wine. Our guaranteed low price is $298 for all sizes: 00-12.  Buy your authentic La Femme 26021 from an authorized International Prom Association Retailer.",298,La Femme,Blue Dresses;Formal Dresses;Homecoming Dresses;Long Dresses;Party Dresses;Prom Dresses;Sexy and Sleek Dresses;Straight Dresses;Sweetheart Neckline Dresses;V-Neck Dresses;La Femme;Red Dresses,"La Femme 26021 dresses images.  Available in Royal Blue, Wine for $298",La Femme 26021,La Femme - 26021 - Formal Dress - Prom Dress - 26021,"La Femme 26021 prom dress available for $298. Buy with confidence, this is an authentic La Femme 26021 designer dress.","26021,La Femme,LaFemme 26021,Prom Dress,Prom Gown,Formal,Evening,2018 Prom Dresses,2018 Prom Gowns,Gigi by La Femme,LaFemme Dresses,La Femme Fashion,La Femme Evening Collection"
26023,"Indigo, Red, Teal","00, 0, 2, 4, 6, 8, 10, 12",La Femme 26023,La Femme 26023 Dress,"La Femme 26023 dresses are available is these colors: Indigo, Red, Teal. Our guaranteed low price is $278 for all sizes: 00-12.  Buy your authentic La Femme 26023 from an authorized International Prom Association Retailer.",278,La Femme,Blue Dresses;Formal Dresses;Homecoming Dresses;Long Dresses;Party Dresses;Prom Dresses;Sexy and Sleek Dresses;Straight Dresses;Sweetheart Neckline Dresses;V-Neck Dresses;La Femme;Red Dresses;Green Dresses,"La Femme 26023 dresses images.  Available in Indigo, Red, Teal for $278",La Femme 26023,La Femme - 26023 - Formal Dress - Prom Dress - 26023,"La Femme 26023 prom dress available for $278. Buy with confidence, this is an authentic La Femme 26023 designer dress.","26023,La Femme,LaFemme 26023,Prom Dress,Prom Gown,Formal,Evening,2018 Prom Dresses,2018 Prom Gowns,Gigi by La Femme,LaFemme Dresses,La Femme Fashion,La Femme Evening Collection"
26030,"Gunmetal, Rose Gold","00, 0, 2, 4, 6, 8, 10, 12",La Femme 26030,La Femme 26030 Dress,"La Femme 26030 dresses are available is these colors: Gunmetal, Rose Gold. Our guaranteed low price is $498 for all sizes: 00-12.  Buy your authentic La Femme 26030 from an authorized International Prom Association Retailer.",498,La Femme,Formal Dresses;Homecoming Dresses;Long Dresses;Party Dresses;Prom Dresses;Scoop Necklines Dresses;Sexy and Sleek Dresses;Silver Dresses;Straight Dresses;La Femme;Gold Dresses;Pink Dresses,"La Femme 26030 dresses images.  Available in Gunmetal, Rose Gold for $498",La Femme 26030,La Femme - 26030 - Formal Dress - Prom Dress - 26030,"La Femme 26030 prom dress available for $498. Buy with confidence, this is an authentic La Femme 26030 designer dress.","26030,La Femme,LaFemme 26030,Prom Dress,Prom Gown,Formal,Evening,2018 Prom Dresses,2018 Prom Gowns,Gigi by La Femme,LaFemme Dresses,La Femme Fashion,La Femme Evening Collection"
26035,"Blush, Silver, Teal","00, 0, 2, 4, 6, 8, 10, 12",La Femme 26035,La Femme 26035 Dress,"La Femme 26035 dresses are available is these colors: Blush, Silver, Teal. Our guaranteed low price is $398 for all sizes: 00-12.  Buy your authentic La Femme 26035 from an authorized International Prom Association Retailer.",398,La Femme,Fit and Flare Dresses;Formal Dresses;Homecoming Dresses;Long Dresses;Mermaid Dresses;Party Dresses;Pink Dresses;Prom Dresses;Scoop Necklines Dresses;Two Piece Dresses;La Femme;Silver Dresses;Green Dresses,"La Femme 26035 dresses images.  Available in Blush, Silver, Teal for $398",La Femme 26035,La Femme - 26035 - Formal Dress - Prom Dress - 26035,"La Femme 26035 prom dress available for $398. Buy with confidence, this is an authentic La Femme 26035 designer dress.","26035,La Femme,LaFemme 26035,Prom Dress,Prom Gown,Formal,Evening,2018 Prom Dresses,2018 Prom Gowns,Gigi by La Femme,LaFemme Dresses,La Femme Fashion,La Femme Evening Collection"
26036,"Burgundy, Teal","00, 0, 2, 4, 6, 8, 10, 12",La Femme 26036,La Femme 26036 Dress,"La Femme 26036 dresses are available is these colors: Burgundy, Teal. Our guaranteed low price is $378 for all sizes: 00-12.  Buy your authentic La Femme 26036 from an authorized International Prom Association Retailer.",378,La Femme,Formal Dresses;Homecoming Dresses;Long Dresses;Party Dresses;Prom Dresses;Red Dresses;Sexy and Sleek Dresses;Straight Dresses;Sweetheart Neckline Dresses;V-Neck Dresses;La Femme;Green Dresses,"La Femme 26036 dresses images.  Available in Burgundy, Teal for $378",La Femme 26036,La Femme - 26036 - Formal Dress - Prom Dress - 26036,"La Femme 26036 prom dress available for $378. Buy with confidence, this is an authentic La Femme 26036 designer dress.","26036,La Femme,LaFemme 26036,Prom Dress,Prom Gown,Formal,Evening,2018 Prom Dresses,2018 Prom Gowns,Gigi by La Femme,LaFemme Dresses,La Femme Fashion,La Femme Evening Collection"
26038,"Dark Berry, Dark Teal, Navy","00, 0, 2, 4, 6, 8, 10, 12",La Femme 26038,La Femme 26038 Dress,"La Femme 26038 dresses are available is these colors: Dark Berry, Dark Teal, Navy. Our guaranteed low price is $438 for all sizes: 00-12.  Buy your authentic La Femme 26038 from an authorized International Prom Association Retailer.",438,La Femme,Formal Dresses;Halter Neckline Dresses;Homecoming Dresses;Illusion Dresses;Long Dresses;Party Dresses;Prom Dresses;Red Dresses;Sexy and Sleek Dresses;Straight Dresses;La Femme;Green Dresses;Blue Dresses,"La Femme 26038 dresses images.  Available in Dark Berry, Dark Teal, Navy for $438",La Femme 26038,La Femme - 26038 - Formal Dress - Prom Dress - 26038,"La Femme 26038 prom dress available for $438. Buy with confidence, this is an authentic La Femme 26038 designer dress.","26038,La Femme,LaFemme 26038,Prom Dress,Prom Gown,Formal,Evening,2018 Prom Dresses,2018 Prom Gowns,Gigi by La Femme,LaFemme Dresses,La Femme Fashion,La Femme Evening Collection"
26043,"Burgundy, Electric Blue, Teal, Yellow","00, 0, 2, 4, 6, 8, 10, 12, 14",La Femme 26043,La Femme 26043 Dress,"La Femme 26043 dresses are available is these colors: Burgundy, Electric Blue, Teal, Yellow. Our guaranteed low price is $398 for all sizes: 00-14.  Buy your authentic La Femme 26043 from an authorized International Prom Association Retailer.",398,La Femme,Fit and Flare Dresses;Formal Dresses;Homecoming Dresses;Long Dresses;Mermaid Dresses;Party Dresses;Prom Dresses;Red Dresses;Sweetheart Neckline Dresses;V-Neck Dresses;La Femme;Blue Dresses;Green Dresses;Yellow Dresses,"La Femme 26043 dresses images.  Available in Burgundy, Electric Blue, Teal, Yellow for $398",La Femme 26043,La Femme - 26043 - Formal Dress - Prom Dress - 26043,"La Femme 26043 prom dress available for $398. Buy with confidence, this is an authentic La Femme 26043 designer dress.","26043,La Femme,LaFemme 26043,Prom Dress,Prom Gown,Formal,Evening,2018 Prom Dresses,2018 Prom Gowns,Gigi by La Femme,LaFemme Dresses,La Femme Fashion,La Femme Evening Collection"
26045,Gunmetal,"00, 0, 2, 4, 6, 8, 10, 12",La Femme 26045,La Femme 26045 Dress,La Femme 26045 dresses are available is these colors: Gunmetal. Our guaranteed low price is $498 for all sizes: 00-12.  Buy your authentic La Femme 26045 from an authorized International Prom Association Retailer.,498,La Femme,Formal Dresses;Halter Neckline Dresses;Homecoming Dresses;Long Dresses;Party Dresses;Prom Dresses;Sexy and Sleek Dresses;Silver Dresses;Straight Dresses;Two Piece Dresses;La Femme,La Femme 26045 dresses images.  Available in Gunmetal for $498,La Femme 26045,La Femme - 26045 - Formal Dress - Prom Dress - 26045,"La Femme 26045 prom dress available for $498. Buy with confidence, this is an authentic La Femme 26045 designer dress.","26045,La Femme,LaFemme 26045,Prom Dress,Prom Gown,Formal,Evening,2018 Prom Dresses,2018 Prom Gowns,Gigi by La Femme,LaFemme Dresses,La Femme Fashion,La Femme Evening Collection"
26073,"Blue Gold, Purple Multi, Turquoise Multi","00, 0, 2, 4, 6, 8, 10, 12, 14, 16",La Femme 26073,La Femme 26073 Dress,"La Femme 26073 dresses are available is these colors: Blue Gold, Purple Multi, Turquoise Multi. Our guaranteed low price is $398 for all sizes: 00-16.  Buy your authentic La Femme 26073 from an authorized International Prom Association Retailer.",398,La Femme,Ball Gowns;Fit and Flare Dresses;Formal Dresses;Gold Dresses;Homecoming Dresses;Long Dresses;Party Dresses;Prom Dresses;Scoop Necklines Dresses;La Femme;Blue Dresses,"La Femme 26073 dresses images.  Available in Blue Gold, Purple Multi, Turquoise Multi for $398",La Femme 26073,La Femme - 26073 - Formal Dress - Prom Dress - 26073,"La Femme 26073 prom dress available for $398. Buy with confidence, this is an authentic La Femme 26073 designer dress.","26073,La Femme,LaFemme 26073,Prom Dress,Prom Gown,Formal,Evening,2018 Prom Dresses,2018 Prom Gowns,Gigi by La Femme,LaFemme Dresses,La Femme Fashion,La Femme Evening Collection"
26076,"Fuchsia, Ocean Blue, Papaya","00, 0, 2, 4, 6, 8, 10, 12",La Femme 26076,La Femme 26076 Dress,"La Femme 26076 dresses are available is these colors: Fuchsia, Ocean Blue, Papaya. Our guaranteed low price is $398 for all sizes: 00-12.  Buy your authentic La Femme 26076 from an authorized International Prom Association Retailer.",398,La Femme,Fit and Flare Dresses;Formal Dresses;Homecoming Dresses;Illusion Dresses;Long Dresses;Mermaid Dresses;Party Dresses;Prom Dresses;Purple Dresses;Scoop Necklines Dresses;La Femme;Blue Dresses;Red Dresses,"La Femme 26076 dresses images.  Available in Fuchsia, Ocean Blue, Papaya for $398",La Femme 26076,La Femme - 26076 - Formal Dress - Prom Dress - 26076,"La Femme 26076 prom dress available for $398. Buy with confidence, this is an authentic La Femme 26076 designer dress.","26076,La Femme,LaFemme 26076,Prom Dress,Prom Gown,Formal,Evening,2018 Prom Dresses,2018 Prom Gowns,Gigi by La Femme,LaFemme Dresses,La Femme Fashion,La Femme Evening Collection"
26077,"Blush, Dark Teal, Gunmetal, Navy","00, 0, 2, 4, 6, 8, 10, 12",La Femme 26077,La Femme 26077 Dress,"La Femme 26077 dresses are available is these colors: Blush, Dark Teal, Gunmetal, Navy. Our guaranteed low price is $478 for all sizes: 00-12.  Buy your authentic La Femme 26077 from an authorized International Prom Association Retailer.",478,La Femme,Ball Gowns;Fit and Flare Dresses;Formal Dresses;Halter Neckline Dresses;Homecoming Dresses;Lace Dresses;Long Dresses;Party Dresses;Pink Dresses;Prom Dresses;Two Piece Dresses;La Femme;Silver Dresses;Blue Dresses,"La Femme 26077 dresses images.  Available in Blush, Dark Teal, Gunmetal, Navy for $478",La Femme 26077,La Femme - 26077 - Formal Dress - Prom Dress - 26077,"La Femme 26077 prom dress available for $478. Buy with confidence, this is an authentic La Femme 26077 designer dress.","26077,La Femme,LaFemme 26077,Prom Dress,Prom Gown,Formal,Evening,2018 Prom Dresses,2018 Prom Gowns,Gigi by La Femme,LaFemme Dresses,La Femme Fashion,La Femme Evening Collection"
26080,"Aqua, Light Blush, Silver","00, 0, 2, 4, 6, 8, 10, 12, 14, 16, 18, 20",La Femme 26080,La Femme 26080 Dress,"La Femme 26080 dresses are available is these colors: Aqua, Light Blush, Silver. Our guaranteed low price is $478 for all sizes: 00-20.  Buy your authentic La Femme 26080 from an authorized International Prom Association Retailer.",478,La Femme,Ball Gowns;Fit and Flare Dresses;Formal Dresses;Homecoming Dresses;Long Dresses;Party Dresses;Pink Dresses;Prom Dresses;Strapless Dresses;Sweetheart Neckline Dresses;V-Neck Dresses;La Femme;Silver Dresses,"La Femme 26080 dresses images.  Available in Aqua, Light Blush, Silver for $478",La Femme 26080,La Femme - 26080 - Formal Dress - Prom Dress - 26080,"La Femme 26080 prom dress available for $478. Buy with confidence, this is an authentic La Femme 26080 designer dress.","26080,La Femme,LaFemme 26080,Prom Dress,Prom Gown,Formal,Evening,2018 Prom Dresses,2018 Prom Gowns,Gigi by La Femme,LaFemme Dresses,La Femme Fashion,La Femme Evening Collection"
26082,"Dark Teal, Garnet","00, 0, 2, 4, 6, 8, 10, 12, 14",La Femme 26082,La Femme 26082 Dress,"La Femme 26082 dresses are available is these colors: Dark Teal, Garnet. Our guaranteed low price is $378 for all sizes: 00-14.  Buy your authentic La Femme 26082 from an authorized International Prom Association Retailer.",378,La Femme,A-Line Dresses;Blue Dresses;Formal Dresses;Homecoming Dresses;Long Dresses;Party Dresses;Prom Dresses;Sweetheart Neckline Dresses;V-Neck Dresses;La Femme;Red Dresses,"La Femme 26082 dresses images.  Available in Dark Teal, Garnet for $378",La Femme 26082,La Femme - 26082 - Formal Dress - Prom Dress - 26082,"La Femme 26082 prom dress available for $378. Buy with confidence, this is an authentic La Femme 26082 designer dress.","26082,La Femme,LaFemme 26082,Prom Dress,Prom Gown,Formal,Evening,2018 Prom Dresses,2018 Prom Gowns,Gigi by La Femme,LaFemme Dresses,La Femme Fashion,La Femme Evening Collection"
26087,"Dark Teal, Hot Fuchsia, Periwinkle","00, 0, 2, 4, 6, 8, 10, 12, 14",La Femme 26087,La Femme 26087 Dress,"La Femme 26087 dresses are available is these colors: Dark Teal, Hot Fuchsia, Periwinkle. Our guaranteed low price is $338 for all sizes: 00-14.  Buy your authentic La Femme 26087 from an authorized International Prom Association Retailer.",338,La Femme,A-Line Dresses;Blue Dresses;Formal Dresses;Halter Neckline Dresses;Homecoming Dresses;Long Dresses;Party Dresses;Prom Dresses;Scoop Necklines Dresses;Two Piece Dresses;La Femme;Red Dresses,"La Femme 26087 dresses images.  Available in Dark Teal, Hot Fuchsia, Periwinkle for $338",La Femme 26087,La Femme - 26087 - Formal Dress - Prom Dress - 26087,"La Femme 26087 prom dress available for $338. Buy with confidence, this is an authentic La Femme 26087 designer dress.","26087,La Femme,LaFemme 26087,Prom Dress,Prom Gown,Formal,Evening,2018 Prom Dresses,2018 Prom Gowns,Gigi by La Femme,LaFemme Dresses,La Femme Fashion,La Femme Evening Collection"
26088,"Emerald, Royal Blue, Wine","00, 0, 2, 4, 6, 8, 10, 12, 14, 16",La Femme 26088,La Femme 26088 Dress,"La Femme 26088 dresses are available is these colors: Emerald, Royal Blue, Wine. Our guaranteed low price is $350 for all sizes: 00-16.  Buy your authentic La Femme 26088 from an authorized International Prom Association Retailer.",350,La Femme,Ball Gowns;Fit and Flare Dresses;Formal Dresses;Green Dresses;Homecoming Dresses;Long Dresses;Open Back Dresses;Party Dresses;Prom Dresses;Sweetheart Neckline Dresses;V-Neck Dresses;La Femme;Blue Dresses;Red Dresses,"La Femme 26088 dresses images.  Available in Emerald, Royal Blue, Wine for $350",La Femme 26088,La Femme - 26088 - Formal Dress - Prom Dress - 26088,"La Femme 26088 prom dress available for $350. Buy with confidence, this is an authentic La Femme 26088 designer dress.","26088,La Femme,LaFemme 26088,Prom Dress,Prom Gown,Formal,Evening,2018 Prom Dresses,2018 Prom Gowns,Gigi by La Femme,LaFemme Dresses,La Femme Fashion,La Femme Evening Collection"
26103,"Burgundy, Hunter Green, Navy","00, 0, 2, 4, 6, 8, 10, 12",La Femme 26103,La Femme 26103 Dress,"La Femme 26103 dresses are available is these colors: Burgundy, Hunter Green, Navy. Our guaranteed low price is $598 for all sizes: 00-12.  Buy your authentic La Femme 26103 from an authorized International Prom Association Retailer.",598,La Femme,Ball Gowns;Fit and Flare Dresses;Formal Dresses;Halter Neckline Dresses;Homecoming Dresses;Long Dresses;Party Dresses;Prom Dresses;Red Dresses;Two Piece Dresses;La Femme;Green Dresses;Blue Dresses,"La Femme 26103 dresses images.  Available in Burgundy, Hunter Green, Navy for $598",La Femme 26103,La Femme - 26103 - Formal Dress - Prom Dress - 26103,"La Femme 26103 prom dress available for $598. Buy with confidence, this is an authentic La Femme 26103 designer dress.","26103,La Femme,LaFemme 26103,Prom Dress,Prom Gown,Formal,Evening,2018 Prom Dresses,2018 Prom Gowns,Gigi by La Femme,LaFemme Dresses,La Femme Fashion,La Femme Evening Collection"
26104,"Garnet, Sapphire Blue, Teal","00, 0, 2, 4, 6, 8, 10, 12, 14",La Femme 26104,La Femme 26104 Dress,"La Femme 26104 dresses are available is these colors: Garnet, Sapphire Blue, Teal. Our guaranteed low price is $478 for all sizes: 00-14.  Buy your authentic La Femme 26104 from an authorized International Prom Association Retailer.",478,La Femme,Ball Gowns;Empire Waist Dresses;Fit and Flare Dresses;Formal Dresses;Homecoming Dresses;Long Dresses;Party Dresses;Prom Dresses;Red Dresses;Sweetheart Neckline Dresses;V-Neck Dresses;La Femme;Blue Dresses;Green Dresses,"La Femme 26104 dresses images.  Available in Garnet, Sapphire Blue, Teal for $478",La Femme 26104,La Femme - 26104 - Formal Dress - Prom Dress - 26104,"La Femme 26104 prom dress available for $478. Buy with confidence, this is an authentic La Femme 26104 designer dress.","26104,La Femme,LaFemme 26104,Prom Dress,Prom Gown,Formal,Evening,2018 Prom Dresses,2018 Prom Gowns,Gigi by La Femme,LaFemme Dresses,La Femme Fashion,La Femme Evening Collection"
26106,"Black, Electric Blue, White","00, 0, 2, 4, 6, 8, 10, 12, 14",La Femme 26106,La Femme 26106 Dress,"La Femme 26106 dresses are available is these colors: Black, Electric Blue, White. Our guaranteed low price is $478 for all sizes: 00-14.  Buy your authentic La Femme 26106 from an authorized International Prom Association Retailer.",478,La Femme,Black Dresses;Formal Dresses;Homecoming Dresses;Long Dresses;Party Dresses;Prom Dresses;Sweetheart Neckline Dresses;V-Neck Dresses;La Femme;Blue Dresses;Nude Dresses;White Dresses,"La Femme 26106 dresses images.  Available in Black, Electric Blue, White for $478",La Femme 26106,La Femme - 26106 - Formal Dress - Prom Dress - 26106,"La Femme 26106 prom dress available for $478. Buy with confidence, this is an authentic La Femme 26106 designer dress.","26106,La Femme,LaFemme 26106,Prom Dress,Prom Gown,Formal,Evening,2018 Prom Dresses,2018 Prom Gowns,Gigi by La Femme,LaFemme Dresses,La Femme Fashion,La Femme Evening Collection"
26110,"Black, White","0, 2, 4, 6, 8, 10, 12, 14, 16, 18",La Femme 26110,La Femme 26110 Dress,"La Femme 26110 dresses are available is these colors: Black, White. Our guaranteed low price is $478 for all sizes: 0-18.  Buy your authentic La Femme 26110 from an authorized International Prom Association Retailer.",478,La Femme,Ball Gowns;Black Dresses;Fit and Flare Dresses;Formal Dresses;Homecoming Dresses;Long Dresses;Party Dresses;Prom Dresses;Sweetheart Neckline Dresses;Two Piece Dresses;V-Neck Dresses;La Femme;Nude Dresses;White Dresses,"La Femme 26110 dresses images.  Available in Black, White for $478",La Femme 26110,La Femme - 26110 - Formal Dress - Prom Dress - 26110,"La Femme 26110 prom dress available for $478. Buy with confidence, this is an authentic La Femme 26110 designer dress.","26110,La Femme,LaFemme 26110,Prom Dress,Prom Gown,Formal,Evening,2018 Prom Dresses,2018 Prom Gowns,Gigi by La Femme,LaFemme Dresses,La Femme Fashion,La Femme Evening Collection"
26115,"Navy, Wine","00, 0, 2, 4, 6, 8, 10, 12",La Femme 26115,La Femme 26115 Dress,"La Femme 26115 dresses are available is these colors: Navy, Wine. Our guaranteed low price is $398 for all sizes: 00-12.  Buy your authentic La Femme 26115 from an authorized International Prom Association Retailer.",398,La Femme,Blue Dresses;Formal Dresses;Homecoming Dresses;Long Dresses;Party Dresses;Prom Dresses;Sexy and Sleek Dresses;Straight Dresses;Sweetheart Neckline Dresses;Two Piece Dresses;V-Neck Dresses;La Femme,"La Femme 26115 dresses images.  Available in Navy, Wine for $398",La Femme 26115,La Femme - 26115 - Formal Dress - Prom Dress - 26115,"La Femme 26115 prom dress available for $398. Buy with confidence, this is an authentic La Femme 26115 designer dress.","26115,La Femme,LaFemme 26115,Prom Dress,Prom Gown,Formal,Evening,2018 Prom Dresses,2018 Prom Gowns,Gigi by La Femme,LaFemme Dresses,La Femme Fashion,La Femme Evening Collection"
26116,"Dark Berry, Gunmetal, Navy","00, 0, 2, 4, 6, 8, 10, 12",La Femme 26116,La Femme 26116 Dress,"La Femme 26116 dresses are available is these colors: Dark Berry, Gunmetal, Navy. Our guaranteed low price is $438 for all sizes: 00-12.  Buy your authentic La Femme 26116 from an authorized International Prom Association Retailer.",438,La Femme,Formal Dresses;Homecoming Dresses;Long Dresses;Party Dresses;Prom Dresses;Red Dresses;Scoop Necklines Dresses;Sexy and Sleek Dresses;Straight Dresses;La Femme;Blue Dresses,"La Femme 26116 dresses images.  Available in Dark Berry, Gunmetal, Navy for $438",La Femme 26116,La Femme - 26116 - Formal Dress - Prom Dress - 26116,"La Femme 26116 prom dress available for $438. Buy with confidence, this is an authentic La Femme 26116 designer dress.","26116,La Femme,LaFemme 26116,Prom Dress,Prom Gown,Formal,Evening,2018 Prom Dresses,2018 Prom Gowns,Gigi by La Femme,LaFemme Dresses,La Femme Fashion,La Femme Evening Collection"
26120,Black,"00, 0, 2, 4, 6, 8, 10, 12",La Femme 26120,La Femme 26120 Dress,La Femme 26120 dresses are available is these colors: Black. Our guaranteed low price is $498 for all sizes: 00-12.  Buy your authentic La Femme 26120 from an authorized International Prom Association Retailer.,498,La Femme,Black Dresses;Fit and Flare Dresses;Formal Dresses;Homecoming Dresses;Long Dresses;Mermaid Dresses;Party Dresses;Prom Dresses;Sweetheart Neckline Dresses;V-Neck Dresses;La Femme,La Femme 26120 dresses images.  Available in Black for $498,La Femme 26120,La Femme - 26120 - Formal Dress - Prom Dress - 26120,"La Femme 26120 prom dress available for $498. Buy with confidence, this is an authentic La Femme 26120 designer dress.","26120,La Femme,LaFemme 26120,Prom Dress,Prom Gown,Formal,Evening,2018 Prom Dresses,2018 Prom Gowns,Gigi by La Femme,LaFemme Dresses,La Femme Fashion,La Femme Evening Collection"
26124,"Dark Blue, Garnet","00, 0, 2, 4, 6, 8, 10, 12",La Femme 26124,La Femme 26124 Dress,"La Femme 26124 dresses are available is these colors: Dark Blue, Garnet. Our guaranteed low price is $398 for all sizes: 00-12.  Buy your authentic La Femme 26124 from an authorized International Prom Association Retailer.",398,La Femme,A-Line Dresses;Blue Dresses;Empire Waist Dresses;Formal Dresses;Homecoming Dresses;Long Dresses;Party Dresses;Prom Dresses;Sweetheart Neckline Dresses;V-Neck Dresses;La Femme;Red Dresses,"La Femme 26124 dresses images.  Available in Dark Blue, Garnet for $398",La Femme 26124,La Femme - 26124 - Formal Dress - Prom Dress - 26124,"La Femme 26124 prom dress available for $398. Buy with confidence, this is an authentic La Femme 26124 designer dress.","26124,La Femme,LaFemme 26124,Prom Dress,Prom Gown,Formal,Evening,2018 Prom Dresses,2018 Prom Gowns,Gigi by La Femme,LaFemme Dresses,La Femme Fashion,La Femme Evening Collection"
26141,"Burgundy, Gunmetal, Smoky Blue, Yellow","00, 0, 2, 4, 6, 8, 10, 12",La Femme 26141,La Femme 26141 Dress,"La Femme 26141 dresses are available is these colors: Burgundy, Gunmetal, Smoky Blue, Yellow. Our guaranteed low price is $298 for all sizes: 00-12.  Buy your authentic La Femme 26141 from an authorized International Prom Association Retailer.",298,La Femme,A-Line Dresses;Formal Dresses;Homecoming Dresses;Long Dresses;Party Dresses;Prom Dresses;Red Dresses;Scoop Necklines Dresses;La Femme;Silver Dresses;Blue Dresses;Yellow Dresses,"La Femme 26141 dresses images.  Available in Burgundy, Gunmetal, Smoky Blue, Yellow for $298",La Femme 26141,La Femme - 26141 - Formal Dress - Prom Dress - 26141,"La Femme 26141 prom dress available for $298. Buy with confidence, this is an authentic La Femme 26141 designer dress.","26141,La Femme,LaFemme 26141,Prom Dress,Prom Gown,Formal,Evening,2018 Prom Dresses,2018 Prom Gowns,Gigi by La Femme,LaFemme Dresses,La Femme Fashion,La Femme Evening Collection"
26145,"Jade, Navy, Poppy Red, White","00, 0, 2, 4, 6, 8, 10, 12, 14",La Femme 26145,La Femme 26145 Dress,"La Femme 26145 dresses are available is these colors: Jade, Navy, Poppy Red, White. Our guaranteed low price is $450 for all sizes: 00-14.  Buy your authentic La Femme 26145 from an authorized International Prom Association Retailer.",450,La Femme,Fit and Flare Dresses;Formal Dresses;Green Dresses;Homecoming Dresses;Long Dresses;Long Sleeve Dresses;Mermaid Dresses;Party Dresses;Prom Dresses;Scoop Necklines Dresses;La Femme;Blue Dresses;Red Dresses;White Dresses,"La Femme 26145 dresses images.  Available in Jade, Navy, Poppy Red, White for $450",La Femme 26145,La Femme - 26145 - Formal Dress - Prom Dress - 26145,"La Femme 26145 prom dress available for $450. Buy with confidence, this is an authentic La Femme 26145 designer dress.","26145,La Femme,LaFemme 26145,Prom Dress,Prom Gown,Formal,Evening,2018 Prom Dresses,2018 Prom Gowns,Gigi by La Femme,LaFemme Dresses,La Femme Fashion,La Femme Evening Collection"
26148,"Black, Cloud Blue, Dark Blush, Ivory","00, 0, 2, 4, 6, 8, 10, 12",La Femme 26148,La Femme 26148 Dress,"La Femme 26148 dresses are available is these colors: Black, Cloud Blue, Dark Blush, Ivory. Our guaranteed low price is $498 for all sizes: 00-12.  Buy your authentic La Femme 26148 from an authorized International Prom Association Retailer.",498,La Femme,Ball Gowns;Blue Dresses;Fit and Flare Dresses;Formal Dresses;Homecoming Dresses;Lace Dresses;Long Dresses;Party Dresses;Prom Dresses;Sweetheart Neckline Dresses;V-Neck Dresses;La Femme;Pink Dresses;White Dresses,"La Femme 26148 dresses images.  Available in Black, Cloud Blue, Dark Blush, Ivory for $498",La Femme 26148,La Femme - 26148 - Formal Dress - Prom Dress - 26148,"La Femme 26148 prom dress available for $498. Buy with confidence, this is an authentic La Femme 26148 designer dress.","26148,La Femme,LaFemme 26148,Prom Dress,Prom Gown,Formal,Evening,2018 Prom Dresses,2018 Prom Gowns,Gigi by La Femme,LaFemme Dresses,La Femme Fashion,La Femme Evening Collection"
26151,Gunmetal,"00, 0, 2, 4, 6, 8, 10, 12, 14, 16, 18, 20",La Femme 26151,La Femme 26151 Dress,La Femme 26151 dresses are available is these colors: Gunmetal. Our guaranteed low price is $438 for all sizes: 00-20.  Buy your authentic La Femme 26151 from an authorized International Prom Association Retailer.,438,La Femme,Ball Gowns;Fit and Flare Dresses;Formal Dresses;Homecoming Dresses;Long Dresses;Party Dresses;Prom Dresses;Silver Dresses;Sweetheart Neckline Dresses;V-Neck Dresses;La Femme,La Femme 26151 dresses images.  Available in Gunmetal for $438,La Femme 26151,La Femme - 26151 - Formal Dress - Prom Dress - 26151,"La Femme 26151 prom dress available for $438. Buy with confidence, this is an authentic La Femme 26151 designer dress.","26151,La Femme,LaFemme 26151,Prom Dress,Prom Gown,Formal,Evening,2018 Prom Dresses,2018 Prom Gowns,Gigi by La Femme,LaFemme Dresses,La Femme Fashion,La Femme Evening Collection"
26154,"Burgundy, Sapphire Blue","00, 0, 2, 4, 6, 8, 10, 12",La Femme 26154,La Femme 26154 Dress,"La Femme 26154 dresses are available is these colors: Burgundy, Sapphire Blue. Our guaranteed low price is $398 for all sizes: 00-12.  Buy your authentic La Femme 26154 from an authorized International Prom Association Retailer.",398,La Femme,A-Line Dresses;Formal Dresses;Halter Neckline Dresses;Homecoming Dresses;Long Dresses;Party Dresses;Prom Dresses;Red Dresses;Sweetheart Neckline Dresses;V-Neck Dresses;La Femme;Blue Dresses,"La Femme 26154 dresses images.  Available in Burgundy, Sapphire Blue for $398",La Femme 26154,La Femme - 26154 - Formal Dress - Prom Dress - 26154,"La Femme 26154 prom dress available for $398. Buy with confidence, this is an authentic La Femme 26154 designer dress.","26154,La Femme,LaFemme 26154,Prom Dress,Prom Gown,Formal,Evening,2018 Prom Dresses,2018 Prom Gowns,Gigi by La Femme,LaFemme Dresses,La Femme Fashion,La Femme Evening Collection"
26162,"Burgundy, Forest Green, Navy","00, 0, 2, 4, 6, 8, 10, 12",La Femme 26162,La Femme 26162 Dress,"La Femme 26162 dresses are available is these colors: Burgundy, Forest Green, Navy. Our guaranteed low price is $398 for all sizes: 00-12.  Buy your authentic La Femme 26162 from an authorized International Prom Association Retailer.",398,La Femme,Ball Gowns;Fit and Flare Dresses;Formal Dresses;Homecoming Dresses;Long Dresses;Party Dresses;Prom Dresses;Scoop Necklines Dresses;La Femme;Green Dresses;Blue Dresses,"La Femme 26162 dresses images.  Available in Burgundy, Forest Green, Navy for $398",La Femme 26162,La Femme - 26162 - Formal Dress - Prom Dress - 26162,"La Femme 26162 prom dress available for $398. Buy with confidence, this is an authentic La Femme 26162 designer dress.","26162,La Femme,LaFemme 26162,Prom Dress,Prom Gown,Formal,Evening,2018 Prom Dresses,2018 Prom Gowns,Gigi by La Femme,LaFemme Dresses,La Femme Fashion,La Femme Evening Collection"
26167,"Burgundy, Navy","00, 0, 2, 4, 6, 8, 10, 12",La Femme 26167,La Femme 26167 Dress,"La Femme 26167 dresses are available is these colors: Burgundy, Navy. Our guaranteed low price is $398 for all sizes: 00-12.  Buy your authentic La Femme 26167 from an authorized International Prom Association Retailer.",398,La Femme,Formal Dresses;Homecoming Dresses;Long Dresses;Party Dresses;Prom Dresses;Red Dresses;Sexy and Sleek Dresses;Straight Dresses;Sweetheart Neckline Dresses;V-Neck Dresses;La Femme,"La Femme 26167 dresses images.  Available in Burgundy, Navy for $398",La Femme 26167,La Femme - 26167 - Formal Dress - Prom Dress - 26167,"La Femme 26167 prom dress available for $398. Buy with confidence, this is an authentic La Femme 26167 designer dress.","26167,La Femme,LaFemme 26167,Prom Dress,Prom Gown,Formal,Evening,2018 Prom Dresses,2018 Prom Gowns,Gigi by La Femme,LaFemme Dresses,La Femme Fashion,La Femme Evening Collection"
26169,"Blush, Cloud Blue, Silver","00, 0, 2, 4, 6, 8, 10, 12",La Femme 26169,La Femme 26169 Dress,"La Femme 26169 dresses are available is these colors: Blush, Cloud Blue, Silver. Our guaranteed low price is $438 for all sizes: 00-12.  Buy your authentic La Femme 26169 from an authorized International Prom Association Retailer.",438,La Femme,Ball Gowns;Fit and Flare Dresses;Formal Dresses;Homecoming Dresses;Lace Dresses;Long Dresses;Party Dresses;Pink Dresses;Prom Dresses;Sweetheart Neckline Dresses;Two Piece Dresses;V-Neck Dresses;La Femme;Blue Dresses;Silver Dresses,"La Femme 26169 dresses images.  Available in Blush, Cloud Blue, Silver for $438",La Femme 26169,La Femme - 26169 - Formal Dress - Prom Dress - 26169,"La Femme 26169 prom dress available for $438. Buy with confidence, this is an authentic La Femme 26169 designer dress.","26169,La Femme,LaFemme 26169,Prom Dress,Prom Gown,Formal,Evening,2018 Prom Dresses,2018 Prom Gowns,Gigi by La Femme,LaFemme Dresses,La Femme Fashion,La Femme Evening Collection"
26171,"Jade, Papaya, Royal Blue","00, 0, 2, 4, 6, 8, 10, 12",La Femme 26171,La Femme 26171 Dress,"La Femme 26171 dresses are available is these colors: Jade, Papaya, Royal Blue. Our guaranteed low price is $338 for all sizes: 00-12.  Buy your authentic La Femme 26171 from an authorized International Prom Association Retailer.",338,La Femme,Formal Dresses;Green Dresses;Homecoming Dresses;Long Dresses;Party Dresses;Prom Dresses;Sexy and Sleek Dresses;Straight Dresses;Two Piece Dresses;La Femme;Red Dresses;Blue Dresses,"La Femme 26171 dresses images.  Available in Jade, Papaya, Royal Blue for $338",La Femme 26171,La Femme - 26171 - Formal Dress - Prom Dress - 26171,"La Femme 26171 prom dress available for $338. Buy with confidence, this is an authentic La Femme 26171 designer dress.","26171,La Femme,LaFemme 26171,Prom Dress,Prom Gown,Formal,Evening,2018 Prom Dresses,2018 Prom Gowns,Gigi by La Femme,LaFemme Dresses,La Femme Fashion,La Femme Evening Collection"
26190,"Garnet, Hunter Green, Marine Blue","00, 0, 2, 4, 6, 8, 10, 12, 14",La Femme 26190,La Femme 26190 Dress,"La Femme 26190 dresses are available is these colors: Garnet, Hunter Green, Marine Blue. Our guaranteed low price is $298 for all sizes: 00-14.  Buy your authentic La Femme 26190 from an authorized International Prom Association Retailer.",298,La Femme,A-Line Dresses;Empire Waist Dresses;Formal Dresses;Green Dresses;Homecoming Dresses;Long Dresses;Party Dresses;Prom Dresses;Sweetheart Neckline Dresses;V-Neck Dresses;La Femme;Red Dresses;Blue Dresses,"La Femme 26190 dresses images.  Available in Garnet, Hunter Green, Marine Blue for $298",La Femme 26190,La Femme - 26190 - Formal Dress - Prom Dress - 26190,"La Femme 26190 prom dress available for $298. Buy with confidence, this is an authentic La Femme 26190 designer dress.","26190,La Femme,LaFemme 26190,Prom Dress,Prom Gown,Formal,Evening,2018 Prom Dresses,2018 Prom Gowns,Gigi by La Femme,LaFemme Dresses,La Femme Fashion,La Femme Evening Collection"
26192,"Electric Blue, Ivory Nude","00, 0, 2, 4, 6, 8, 10, 12, 14",La Femme 26192,La Femme 26192 Dress,"La Femme 26192 dresses are available is these colors: Electric Blue, Ivory Nude. Our guaranteed low price is $578 for all sizes: 00-14.  Buy your authentic La Femme 26192 from an authorized International Prom Association Retailer.",578,La Femme,Blue Dresses;Embroiderd Dresses;Fit and Flare Dresses;Formal Dresses;Homecoming Dresses;Long Dresses;Mermaid Dresses;Party Dresses;Prom Dresses;Sweetheart Neckline Dresses;V-Neck Dresses;La Femme;White Dresses,"La Femme 26192 dresses images.  Available in Electric Blue, Ivory Nude for $578",La Femme 26192,La Femme - 26192 - Formal Dress - Prom Dress - 26192,"La Femme 26192 prom dress available for $578. Buy with confidence, this is an authentic La Femme 26192 designer dress.","26192,La Femme,LaFemme 26192,Prom Dress,Prom Gown,Formal,Evening,2018 Prom Dresses,2018 Prom Gowns,Gigi by La Femme,LaFemme Dresses,La Femme Fashion,La Femme Evening Collection"
26193,"Black, Ivory, Red","00, 0, 2, 4, 6, 8, 10, 12",La Femme 26193,La Femme 26193 Dress,"La Femme 26193 dresses are available is these colors: Black, Ivory, Red. Our guaranteed low price is $438 for all sizes: 00-12.  Buy your authentic La Femme 26193 from an authorized International Prom Association Retailer.",438,La Femme,Black Dresses;Fit and Flare Dresses;Formal Dresses;Homecoming Dresses;Long Dresses;Mermaid Dresses;Party Dresses;Prom Dresses;Sweetheart Neckline Dresses;Two Piece Dresses;V-Neck Dresses;La Femme;White Dresses;Red Dresses,"La Femme 26193 dresses images.  Available in Black, Ivory, Red for $438",La Femme 26193,La Femme - 26193 - Formal Dress - Prom Dress - 26193,"La Femme 26193 prom dress available for $438. Buy with confidence, this is an authentic La Femme 26193 designer dress.","26193,La Femme,LaFemme 26193,Prom Dress,Prom Gown,Formal,Evening,2018 Prom Dresses,2018 Prom Gowns,Gigi by La Femme,LaFemme Dresses,La Femme Fashion,La Femme Evening Collection"
26196,"Navy, Wine","00, 0, 2, 4, 6, 8, 10, 12, 14, 16",La Femme 26196,La Femme 26196 Dress,"La Femme 26196 dresses are available is these colors: Navy, Wine. Our guaranteed low price is $398 for all sizes: 00-16.  Buy your authentic La Femme 26196 from an authorized International Prom Association Retailer.",398,La Femme,Formal Dresses;Halter Neckline Dresses;Homecoming Dresses;Long Dresses;Party Dresses;Prom Dresses;Two Piece Dresses;La Femme;Red Dresses,"La Femme 26196 dresses images.  Available in Navy, Wine for $398",La Femme 26196,La Femme - 26196 - Formal Dress - Prom Dress - 26196,"La Femme 26196 prom dress available for $398. Buy with confidence, this is an authentic La Femme 26196 designer dress.","26196,La Femme,LaFemme 26196,Prom Dress,Prom Gown,Formal,Evening,2018 Prom Dresses,2018 Prom Gowns,Gigi by La Femme,LaFemme Dresses,La Femme Fashion,La Femme Evening Collection"
26202,White Gold,"00, 0, 2, 4, 6, 8, 10, 12",La Femme 26202,La Femme 26202 Dress,La Femme 26202 dresses are available is these colors: White Gold. Our guaranteed low price is $478 for all sizes: 00-12.  Buy your authentic La Femme 26202 from an authorized International Prom Association Retailer.,478,La Femme,Fit and Flare Dresses;Formal Dresses;Homecoming Dresses;Long Dresses;Mermaid Dresses;Party Dresses;Print Dresses;Prom Dresses;Two Piece Dresses;White Dresses;La Femme,La Femme 26202 dresses images.  Available in White Gold for $478,La Femme 26202,La Femme - 26202 - Formal Dress - Prom Dress - 26202,"La Femme 26202 prom dress available for $478. Buy with confidence, this is an authentic La Femme 26202 designer dress.","26202,La Femme,LaFemme 26202,Prom Dress,Prom Gown,Formal,Evening,2018 Prom Dresses,2018 Prom Gowns,Gigi by La Femme,LaFemme Dresses,La Femme Fashion,La Femme Evening Collection"
26203,"Blush, Navy, Wine","00, 0, 2, 4, 6, 8, 10, 12, 14, 16, 18, 20",La Femme 26203,La Femme 26203 Dress,"La Femme 26203 dresses are available is these colors: Blush, Navy, Wine. Our guaranteed low price is $398 for all sizes: 00-20.  Buy your authentic La Femme 26203 from an authorized International Prom Association Retailer.",398,La Femme,Ball Gowns;Fit and Flare Dresses;Formal Dresses;Homecoming Dresses;Long Dresses;Party Dresses;Prom Dresses;Red Dresses;Sweetheart Neckline Dresses;V-Neck Dresses;La Femme;Blue Dresses,"La Femme 26203 dresses images.  Available in Blush, Navy, Wine for $398",La Femme 26203,La Femme - 26203 - Formal Dress - Prom Dress - 26203,"La Femme 26203 prom dress available for $398. Buy with confidence, this is an authentic La Femme 26203 designer dress.","26203,La Femme,LaFemme 26203,Prom Dress,Prom Gown,Formal,Evening,2018 Prom Dresses,2018 Prom Gowns,Gigi by La Femme,LaFemme Dresses,La Femme Fashion,La Femme Evening Collection"
26206,White Blue,"00, 0, 2, 4, 6, 8, 10, 12",La Femme 26206,La Femme 26206 Dress,La Femme 26206 dresses are available is these colors: White Blue. Our guaranteed low price is $478 for all sizes: 00-12.  Buy your authentic La Femme 26206 from an authorized International Prom Association Retailer.,478,La Femme,Blue Dresses;Formal Dresses;Homecoming Dresses;Illusion Dresses;Long Dresses;Party Dresses;Print Dresses;Prom Dresses;Sweetheart Neckline Dresses;Two Piece Dresses;V-Neck Dresses;La Femme,La Femme 26206 dresses images.  Available in White Blue for $478,La Femme 26206,La Femme - 26206 - Formal Dress - Prom Dress - 26206,"La Femme 26206 prom dress available for $478. Buy with confidence, this is an authentic La Femme 26206 designer dress.","26206,La Femme,LaFemme 26206,Prom Dress,Prom Gown,Formal,Evening,2018 Prom Dresses,2018 Prom Gowns,Gigi by La Femme,LaFemme Dresses,La Femme Fashion,La Femme Evening Collection"
26207,Dark Wash,"00, 0, 2, 4, 6, 8, 10, 12",La Femme 26207,La Femme 26207 Dress,La Femme 26207 dresses are available is these colors: Dark Wash. Our guaranteed low price is $478 for all sizes: 00-12.  Buy your authentic La Femme 26207 from an authorized International Prom Association Retailer.,478,La Femme,Blue Dresses;Embroiderd Dresses;Formal Dresses;Homecoming Dresses;Long Dresses;Party Dresses;Prom Dresses;Sweetheart Neckline Dresses;Two Piece Dresses;V-Neck Dresses;La Femme,La Femme 26207 dresses images.  Available in Dark Wash for $478,La Femme 26207,La Femme - 26207 - Formal Dress - Prom Dress - 26207,"La Femme 26207 prom dress available for $478. Buy with confidence, this is an authentic La Femme 26207 designer dress.","26207,La Femme,LaFemme 26207,Prom Dress,Prom Gown,Formal,Evening,2018 Prom Dresses,2018 Prom Gowns,Gigi by La Femme,LaFemme Dresses,La Femme Fashion,La Femme Evening Collection"
26228,Black Blue,"00, 0, 2, 4, 6, 8, 10, 12",La Femme 26228,La Femme 26228 Dress,La Femme 26228 dresses are available is these colors: Black Blue. Our guaranteed low price is $438 for all sizes: 00-12.  Buy your authentic La Femme 26228 from an authorized International Prom Association Retailer.,438,La Femme,Blue Dresses;Formal Dresses;Homecoming Dresses;Long Dresses;Party Dresses;Prom Dresses;Sweetheart Neckline Dresses;V-Neck Dresses;La Femme,La Femme 26228 dresses images.  Available in Black Blue for $438,La Femme 26228,La Femme - 26228 - Formal Dress - Prom Dress - 26228,"La Femme 26228 prom dress available for $438. Buy with confidence, this is an authentic La Femme 26228 designer dress.","26228,La Femme,LaFemme 26228,Prom Dress,Prom Gown,Formal,Evening,2018 Prom Dresses,2018 Prom Gowns,Gigi by La Femme,LaFemme Dresses,La Femme Fashion,La Femme Evening Collection"
26231,"Blue Gold, Turquoise Multi","00, 0, 2, 4, 6, 8, 10, 12, 14",La Femme 26231,La Femme 26231 Dress,"La Femme 26231 dresses are available is these colors: Blue Gold, Turquoise Multi. Our guaranteed low price is $398 for all sizes: 00-14.  Buy your authentic La Femme 26231 from an authorized International Prom Association Retailer.",398,La Femme,Ball Gowns;Fit and Flare Dresses;Formal Dresses;Homecoming Dresses;Long Dresses;Party Dresses;Prom Dresses;Scoop Necklines Dresses;La Femme;Blue Dresses,"La Femme 26231 dresses images.  Available in Blue Gold, Turquoise Multi for $398",La Femme 26231,La Femme - 26231 - Formal Dress - Prom Dress - 26231,"La Femme 26231 prom dress available for $398. Buy with confidence, this is an authentic La Femme 26231 designer dress.","26231,La Femme,LaFemme 26231,Prom Dress,Prom Gown,Formal,Evening,2018 Prom Dresses,2018 Prom Gowns,Gigi by La Femme,LaFemme Dresses,La Femme Fashion,La Femme Evening Collection"
26233,Black,"00, 0, 2, 4, 6, 8, 10, 12",La Femme 26233,La Femme 26233 Dress,La Femme 26233 dresses are available is these colors: Black. Our guaranteed low price is $598 for all sizes: 00-12.  Buy your authentic La Femme 26233 from an authorized International Prom Association Retailer.,598,La Femme,Ball Gowns;Black Dresses;Fit and Flare Dresses;Formal Dresses;Homecoming Dresses;Lace Dresses;Long Dresses;Party Dresses;Prom Dresses;Scoop Necklines Dresses;Two Piece Dresses;La Femme,La Femme 26233 dresses images.  Available in Black for $598,La Femme 26233,La Femme - 26233 - Formal Dress - Prom Dress - 26233,"La Femme 26233 prom dress available for $598. Buy with confidence, this is an authentic La Femme 26233 designer dress.","26233,La Femme,LaFemme 26233,Prom Dress,Prom Gown,Formal,Evening,2018 Prom Dresses,2018 Prom Gowns,Gigi by La Femme,LaFemme Dresses,La Femme Fashion,La Femme Evening Collection"
26235,"Kelly Green, Ocean Blue, White","00, 0, 2, 4, 6, 8, 10, 12",La Femme 26235,La Femme 26235 Dress,"La Femme 26235 dresses are available is these colors: Kelly Green, Ocean Blue, White. Our guaranteed low price is $378 for all sizes: 00-12.  Buy your authentic La Femme 26235 from an authorized International Prom Association Retailer.",378,La Femme,Formal Dresses;Green Dresses;Homecoming Dresses;Long Dresses;Party Dresses;Prom Dresses;Scoop Necklines Dresses;Sexy and Sleek Dresses;Straight Dresses;La Femme;Blue Dresses;White Dresses,"La Femme 26235 dresses images.  Available in Kelly Green, Ocean Blue, White for $378",La Femme 26235,La Femme - 26235 - Formal Dress - Prom Dress - 26235,"La Femme 26235 prom dress available for $378. Buy with confidence, this is an authentic La Femme 26235 designer dress.","26235,La Femme,LaFemme 26235,Prom Dress,Prom Gown,Formal,Evening,2018 Prom Dresses,2018 Prom Gowns,Gigi by La Femme,LaFemme Dresses,La Femme Fashion,La Femme Evening Collection"
26236,"Garnet, Gray, Navy","00, 0, 2, 4, 6, 8, 10, 12",La Femme 26236,La Femme 26236 Dress,"La Femme 26236 dresses are available is these colors: Garnet, Gray, Navy. Our guaranteed low price is $438 for all sizes: 00-12.  Buy your authentic La Femme 26236 from an authorized International Prom Association Retailer.",438,La Femme,Ball Gowns;Embroiderd Dresses;Fit and Flare Dresses;Formal Dresses;Homecoming Dresses;Lace Dresses;Long Dresses;Party Dresses;Prom Dresses;Red Dresses;Sweetheart Neckline Dresses;V-Neck Dresses;La Femme;Blue Dresses;Silver Dresses,"La Femme 26236 dresses images.  Available in Garnet, Gray, Navy for $438",La Femme 26236,La Femme - 26236 - Formal Dress - Prom Dress - 26236,"La Femme 26236 prom dress available for $438. Buy with confidence, this is an authentic La Femme 26236 designer dress.","26236,La Femme,LaFemme 26236,Prom Dress,Prom Gown,Formal,Evening,2018 Prom Dresses,2018 Prom Gowns,Gigi by La Femme,LaFemme Dresses,La Femme Fashion,La Femme Evening Collection"
26239,"Black, Dark Teal, Wine","00, 0, 2, 4, 6, 8, 10, 12",La Femme 26239,La Femme 26239 Dress,"La Femme 26239 dresses are available is these colors: Black, Dark Teal, Wine. Our guaranteed low price is $498 for all sizes: 00-12.  Buy your authentic La Femme 26239 from an authorized International Prom Association Retailer.",498,La Femme,Black Dresses;Formal Dresses;Halter Neckline Dresses;Homecoming Dresses;Long Dresses;Party Dresses;Prom Dresses;Sexy and Sleek Dresses;Straight Dresses;Sweetheart Neckline Dresses;V-Neck Dresses;La Femme;Red Dresses,"La Femme 26239 dresses images.  Available in Black, Dark Teal, Wine for $498",La Femme 26239,La Femme - 26239 - Formal Dress - Prom Dress - 26239,"La Femme 26239 prom dress available for $498. Buy with confidence, this is an authentic La Femme 26239 designer dress.","26239,La Femme,LaFemme 26239,Prom Dress,Prom Gown,Formal,Evening,2018 Prom Dresses,2018 Prom Gowns,Gigi by La Femme,LaFemme Dresses,La Femme Fashion,La Femme Evening Collection"
26240,"Blush, Powder Blue","00, 0, 2, 4, 6, 8, 10, 12",La Femme 26240,La Femme 26240 Dress,"La Femme 26240 dresses are available is these colors: Blush, Powder Blue. Our guaranteed low price is $438 for all sizes: 00-12.  Buy your authentic La Femme 26240 from an authorized International Prom Association Retailer.",438,La Femme,Ball Gowns;Blue Dresses;Fit and Flare Dresses;Formal Dresses;Halter Neckline Dresses;Homecoming Dresses;Lace Dresses;Long Dresses;Party Dresses;Prom Dresses;Two Piece Dresses;La Femme,"La Femme 26240 dresses images.  Available in Blush, Powder Blue for $438",La Femme 26240,La Femme - 26240 - Formal Dress - Prom Dress - 26240,"La Femme 26240 prom dress available for $438. Buy with confidence, this is an authentic La Femme 26240 designer dress.","26240,La Femme,LaFemme 26240,Prom Dress,Prom Gown,Formal,Evening,2018 Prom Dresses,2018 Prom Gowns,Gigi by La Femme,LaFemme Dresses,La Femme Fashion,La Femme Evening Collection"
26242,"Burgundy, Navy","00, 0, 2, 4, 6, 8, 10, 12, 14, 16, 18",La Femme 26242,La Femme 26242 Dress,"La Femme 26242 dresses are available is these colors: Burgundy, Navy. Our guaranteed low price is $438 for all sizes: 00-18.  Buy your authentic La Femme 26242 from an authorized International Prom Association Retailer.",438,La Femme,Ball Gowns;Fit and Flare Dresses;Formal Dresses;Homecoming Dresses;Lace Dresses;Long Dresses;Open Back Dresses;Party Dresses;Prom Dresses;Red Dresses;Strapless Dresses;Sweetheart Neckline Dresses;V-Neck Dresses;La Femme;Blue Dresses,"La Femme 26242 dresses images.  Available in Burgundy, Navy for $438",La Femme 26242,La Femme - 26242 - Formal Dress - Prom Dress - 26242,"La Femme 26242 prom dress available for $438. Buy with confidence, this is an authentic La Femme 26242 designer dress.","26242,La Femme,LaFemme 26242,Prom Dress,Prom Gown,Formal,Evening,2018 Prom Dresses,2018 Prom Gowns,Gigi by La Femme,LaFemme Dresses,La Femme Fashion,La Femme Evening Collection"
26250,"Blush, Cloud Blue","00, 0, 2, 4, 6, 8, 10, 12, 14",La Femme 26250,La Femme 26250 Dress,"La Femme 26250 dresses are available is these colors: Blush, Cloud Blue. Our guaranteed low price is $438 for all sizes: 00-14.  Buy your authentic La Femme 26250 from an authorized International Prom Association Retailer.",438,La Femme,A-Line Dresses;Formal Dresses;Homecoming Dresses;Long Dresses;Party Dresses;Pink Dresses;Prom Dresses;Scoop Necklines Dresses;La Femme;Blue Dresses,"La Femme 26250 dresses images.  Available in Blush, Cloud Blue for $438",La Femme 26250,La Femme - 26250 - Formal Dress - Prom Dress - 26250,"La Femme 26250 prom dress available for $438. Buy with confidence, this is an authentic La Femme 26250 designer dress.","26250,La Femme,LaFemme 26250,Prom Dress,Prom Gown,Formal,Evening,2018 Prom Dresses,2018 Prom Gowns,Gigi by La Femme,LaFemme Dresses,La Femme Fashion,La Femme Evening Collection"
26253,"Hot Pink, Jade, Papaya, Yellow","00, 0, 2, 4, 6, 8, 10, 12",La Femme 26253,La Femme 26253 Dress,"La Femme 26253 dresses are available is these colors: Hot Pink, Jade, Papaya, Yellow. Our guaranteed low price is $318 for all sizes: 00-12.  Buy your authentic La Femme 26253 from an authorized International Prom Association Retailer.",318,La Femme,Formal Dresses;Homecoming Dresses;Long Dresses;Party Dresses;Pink Dresses;Prom Dresses;Sexy and Sleek Dresses;Straight Dresses;Strapless Dresses;Sweetheart Neckline Dresses;V-Neck Dresses;La Femme;Green Dresses;Red Dresses;Yellow Dresses,"La Femme 26253 dresses images.  Available in Hot Pink, Jade, Papaya, Yellow for $318",La Femme 26253,La Femme - 26253 - Formal Dress - Prom Dress - 26253,"La Femme 26253 prom dress available for $318. Buy with confidence, this is an authentic La Femme 26253 designer dress.","26253,La Femme,LaFemme 26253,Prom Dress,Prom Gown,Formal,Evening,2018 Prom Dresses,2018 Prom Gowns,Gigi by La Femme,LaFemme Dresses,La Femme Fashion,La Femme Evening Collection"
26254,Ivory,"00, 0, 2, 4, 6, 8, 10, 12",La Femme 26254,La Femme 26254 Dress,La Femme 26254 dresses are available is these colors: Ivory. Our guaranteed low price is $538 for all sizes: 00-12.  Buy your authentic La Femme 26254 from an authorized International Prom Association Retailer.,538,La Femme,Ball Gowns;Fit and Flare Dresses;Formal Dresses;Homecoming Dresses;Long Dresses;Party Dresses;Prom Dresses;Sweetheart Neckline Dresses;V-Neck Dresses;White Dresses;La Femme,La Femme 26254 dresses images.  Available in Ivory for $538,La Femme 26254,La Femme - 26254 - Formal Dress - Prom Dress - 26254,"La Femme 26254 prom dress available for $538. Buy with confidence, this is an authentic La Femme 26254 designer dress.","26254,La Femme,LaFemme 26254,Prom Dress,Prom Gown,Formal,Evening,2018 Prom Dresses,2018 Prom Gowns,Gigi by La Femme,LaFemme Dresses,La Femme Fashion,La Femme Evening Collection"
26255,"Aqua, Blush","00, 0, 2, 4, 6, 8, 10, 12, 14",La Femme 26255,La Femme 26255 Dress,"La Femme 26255 dresses are available is these colors: Aqua, Blush. Our guaranteed low price is $438 for all sizes: 00-14.  Buy your authentic La Femme 26255 from an authorized International Prom Association Retailer.",438,La Femme,Blue Dresses;Fit and Flare Dresses;Formal Dresses;Halter Neckline Dresses;Homecoming Dresses;Long Dresses;Mermaid Dresses;Party Dresses;Prom Dresses;Two Piece Dresses;La Femme,"La Femme 26255 dresses images.  Available in Aqua, Blush for $438",La Femme 26255,La Femme - 26255 - Formal Dress - Prom Dress - 26255,"La Femme 26255 prom dress available for $438. Buy with confidence, this is an authentic La Femme 26255 designer dress.","26255,La Femme,LaFemme 26255,Prom Dress,Prom Gown,Formal,Evening,2018 Prom Dresses,2018 Prom Gowns,Gigi by La Femme,LaFemme Dresses,La Femme Fashion,La Femme Evening Collection"
26263,Gold,"00, 0, 2, 4, 6, 8, 10, 12, 14",La Femme 26263,La Femme 26263 Dress,La Femme 26263 dresses are available is these colors: Gold. Our guaranteed low price is $438 for all sizes: 00-14.  Buy your authentic La Femme 26263 from an authorized International Prom Association Retailer.,438,La Femme,Formal Dresses;Gold Dresses;Halter Neckline Dresses;Homecoming Dresses;Long Dresses;Long Sleeve Dresses;Party Dresses;Prom Dresses;Sequin Dresses;Sexy and Sleek Dresses;Straight Dresses;La Femme,La Femme 26263 dresses images.  Available in Gold for $438,La Femme 26263,La Femme - 26263 - Formal Dress - Prom Dress - 26263,"La Femme 26263 prom dress available for $438. Buy with confidence, this is an authentic La Femme 26263 designer dress.","26263,La Femme,LaFemme 26263,Prom Dress,Prom Gown,Formal,Evening,2018 Prom Dresses,2018 Prom Gowns,Gigi by La Femme,LaFemme Dresses,La Femme Fashion,La Femme Evening Collection"
26264,"Gunmetal, Hot Fuchsia, Royal Blue","00, 0, 2, 4, 6, 8, 10, 12, 14, 16",La Femme 26264,La Femme 26264 Dress,"La Femme 26264 dresses are available is these colors: Gunmetal, Hot Fuchsia, Royal Blue. Our guaranteed low price is $538 for all sizes: 00-16.  Buy your authentic La Femme 26264 from an authorized International Prom Association Retailer.",538,La Femme,Ball Gowns;Empire Waist Dresses;Fit and Flare Dresses;Formal Dresses;Homecoming Dresses;Lace Dresses;Long Dresses;Open Back Dresses;Party Dresses;Prom Dresses;Silver Dresses;Strapless Dresses;Sweetheart Neckline Dresses;V-Neck Dresses;La Femme;Red Dresses;Blue Dresses,"La Femme 26264 dresses images.  Available in Gunmetal, Hot Fuchsia, Royal Blue for $538",La Femme 26264,La Femme - 26264 - Formal Dress - Prom Dress - 26264,"La Femme 26264 prom dress available for $538. Buy with confidence, this is an authentic La Femme 26264 designer dress.","26264,La Femme,LaFemme 26264,Prom Dress,Prom Gown,Formal,Evening,2018 Prom Dresses,2018 Prom Gowns,Gigi by La Femme,LaFemme Dresses,La Femme Fashion,La Femme Evening Collection"
26265,Dark Wash,"00, 0, 2, 4, 6, 8, 10, 12, 14, 16, 18",La Femme 26265,La Femme 26265 Dress,La Femme 26265 dresses are available is these colors: Dark Wash. Our guaranteed low price is $498 for all sizes: 00-18.  Buy your authentic La Femme 26265 from an authorized International Prom Association Retailer.,498,La Femme,Ball Gowns;Blue Dresses;Embroiderd Dresses;Fit and Flare Dresses;Formal Dresses;Homecoming Dresses;Long Dresses;Party Dresses;Prom Dresses;Sweetheart Neckline Dresses;V-Neck Dresses;La Femme;Nude Dresses,La Femme 26265 dresses images.  Available in Dark Wash for $498,La Femme 26265,La Femme - 26265 - Formal Dress - Prom Dress - 26265,"La Femme 26265 prom dress available for $498. Buy with confidence, this is an authentic La Femme 26265 designer dress.","26265,La Femme,LaFemme 26265,Prom Dress,Prom Gown,Formal,Evening,2018 Prom Dresses,2018 Prom Gowns,Gigi by La Femme,LaFemme Dresses,La Femme Fashion,La Femme Evening Collection"
26266,"Burgundy, Teal","00, 0, 2, 4, 6, 8, 10, 12, 14",La Femme 26266,La Femme 26266 Dress,"La Femme 26266 dresses are available is these colors: Burgundy, Teal. Our guaranteed low price is $298 for all sizes: 00-14.  Buy your authentic La Femme 26266 from an authorized International Prom Association Retailer.",298,La Femme,Formal Dresses;Homecoming Dresses;Long Dresses;Party Dresses;Prom Dresses;Red Dresses;Sexy and Sleek Dresses;Straight Dresses;Sweetheart Neckline Dresses;V-Neck Dresses;La Femme;Green Dresses,"La Femme 26266 dresses images.  Available in Burgundy, Teal for $298",La Femme 26266,La Femme - 26266 - Formal Dress - Prom Dress - 26266,"La Femme 26266 prom dress available for $298. Buy with confidence, this is an authentic La Femme 26266 designer dress.","26266,La Femme,LaFemme 26266,Prom Dress,Prom Gown,Formal,Evening,2018 Prom Dresses,2018 Prom Gowns,Gigi by La Femme,LaFemme Dresses,La Femme Fashion,La Femme Evening Collection"
26269,"Ice Blue, Pale Yellow","00, 0, 2, 4, 6, 8, 10, 12",La Femme 26269,La Femme 26269 Dress,"La Femme 26269 dresses are available is these colors: Ice Blue, Pale Yellow. Our guaranteed low price is $398 for all sizes: 00-12.  Buy your authentic La Femme 26269 from an authorized International Prom Association Retailer.",398,La Femme,A-Line Dresses;Blue Dresses;Formal Dresses;Homecoming Dresses;Long Dresses;Party Dresses;Prom Dresses;Scoop Necklines Dresses;La Femme;Yellow Dresses,"La Femme 26269 dresses images.  Available in Ice Blue, Pale Yellow for $398",La Femme 26269,La Femme - 26269 - Formal Dress - Prom Dress - 26269,"La Femme 26269 prom dress available for $398. Buy with confidence, this is an authentic La Femme 26269 designer dress.","26269,La Femme,LaFemme 26269,Prom Dress,Prom Gown,Formal,Evening,2018 Prom Dresses,2018 Prom Gowns,Gigi by La Femme,LaFemme Dresses,La Femme Fashion,La Femme Evening Collection"
26274,"Charcoal, Dark Periwinkle, Deep Red","00, 0, 2, 4, 6, 8, 10, 12",La Femme 26274,La Femme 26274 Dress,"La Femme 26274 dresses are available is these colors: Charcoal, Dark Periwinkle, Deep Red. Our guaranteed low price is $378 for all sizes: 00-12.  Buy your authentic La Femme 26274 from an authorized International Prom Association Retailer.",378,La Femme,Formal Dresses;Homecoming Dresses;Long Dresses;Party Dresses;Prom Dresses;Scoop Necklines Dresses;Sexy and Sleek Dresses;Silver Dresses;Straight Dresses;La Femme;Blue Dresses;Red Dresses,"La Femme 26274 dresses images.  Available in Charcoal, Dark Periwinkle, Deep Red for $378",La Femme 26274,La Femme - 26274 - Formal Dress - Prom Dress - 26274,"La Femme 26274 prom dress available for $378. Buy with confidence, this is an authentic La Femme 26274 designer dress.","26274,La Femme,LaFemme 26274,Prom Dress,Prom Gown,Formal,Evening,2018 Prom Dresses,2018 Prom Gowns,Gigi by La Femme,LaFemme Dresses,La Femme Fashion,La Femme Evening Collection"
26275,"Hot Fuchsia, Sapphire Blue","00, 0, 2, 4, 6, 8, 10, 12, 14, 16, 18",La Femme 26275,La Femme 26275 Dress,"La Femme 26275 dresses are available is these colors: Hot Fuchsia, Sapphire Blue. Our guaranteed low price is $398 for all sizes: 00-18.  Buy your authentic La Femme 26275 from an authorized International Prom Association Retailer.",398,La Femme,A-Line Dresses;Blue Dresses;Formal Dresses;Homecoming Dresses;Long Dresses;Open Back Dresses;Party Dresses;Prom Dresses;Sweetheart Neckline Dresses;V-Neck Dresses;La Femme,"La Femme 26275 dresses images.  Available in Hot Fuchsia, Sapphire Blue for $398",La Femme 26275,La Femme - 26275 - Formal Dress - Prom Dress - 26275,"La Femme 26275 prom dress available for $398. Buy with confidence, this is an authentic La Femme 26275 designer dress.","26275,La Femme,LaFemme 26275,Prom Dress,Prom Gown,Formal,Evening,2018 Prom Dresses,2018 Prom Gowns,Gigi by La Femme,LaFemme Dresses,La Femme Fashion,La Femme Evening Collection"
26278,"Lemon, Silver","00, 0, 2, 4, 6, 8, 10, 12",La Femme 26278,La Femme 26278 Dress,"La Femme 26278 dresses are available is these colors: Lemon, Silver. Our guaranteed low price is $398 for all sizes: 00-12.  Buy your authentic La Femme 26278 from an authorized International Prom Association Retailer.",398,La Femme,A-Line Dresses;Formal Dresses;Homecoming Dresses;Long Dresses;Open Back Dresses;Party Dresses;Prom Dresses;Sweetheart Neckline Dresses;V-Neck Dresses;Yellow Dresses;La Femme;Silver Dresses,"La Femme 26278 dresses images.  Available in Lemon, Silver for $398",La Femme 26278,La Femme - 26278 - Formal Dress - Prom Dress - 26278,"La Femme 26278 prom dress available for $398. Buy with confidence, this is an authentic La Femme 26278 designer dress.","26278,La Femme,LaFemme 26278,Prom Dress,Prom Gown,Formal,Evening,2018 Prom Dresses,2018 Prom Gowns,Gigi by La Femme,LaFemme Dresses,La Femme Fashion,La Femme Evening Collection"
26309,"Blush, Powder Blue","00, 0, 2, 4, 6, 8, 10, 12, 14, 16",La Femme 26309,La Femme 26309 Dress,"La Femme 26309 dresses are available is these colors: Blush, Powder Blue. Our guaranteed low price is $498 for all sizes: 00-16.  Buy your authentic La Femme 26309 from an authorized International Prom Association Retailer.",498,La Femme,A-Line Dresses;Formal Dresses;Halter Neckline Dresses;Homecoming Dresses;Lace Dresses;Long Dresses;Party Dresses;Prom Dresses;Two Piece Dresses;La Femme;Blue Dresses,"La Femme 26309 dresses images.  Available in Blush, Powder Blue for $498",La Femme 26309,La Femme - 26309 - Formal Dress - Prom Dress - 26309,"La Femme 26309 prom dress available for $498. Buy with confidence, this is an authentic La Femme 26309 designer dress.","26309,La Femme,LaFemme 26309,Prom Dress,Prom Gown,Formal,Evening,2018 Prom Dresses,2018 Prom Gowns,Gigi by La Femme,LaFemme Dresses,La Femme Fashion,La Femme Evening Collection"
26311,"Lemon, Orchid, Teal","00, 0, 2, 4, 6, 8, 10, 12",La Femme 26311,La Femme 26311 Dress,"La Femme 26311 dresses are available is these colors: Lemon, Orchid, Teal. Our guaranteed low price is $438 for all sizes: 00-12.  Buy your authentic La Femme 26311 from an authorized International Prom Association Retailer.",438,La Femme,Fit and Flare Dresses;Formal Dresses;Homecoming Dresses;Long Dresses;Mermaid Dresses;Party Dresses;Prom Dresses;Sweetheart Neckline Dresses;Two Piece Dresses;V-Neck Dresses;Yellow Dresses;La Femme,"La Femme 26311 dresses images.  Available in Lemon, Orchid, Teal for $438",La Femme 26311,La Femme - 26311 - Formal Dress - Prom Dress - 26311,"La Femme 26311 prom dress available for $438. Buy with confidence, this is an authentic La Femme 26311 designer dress.","26311,La Femme,LaFemme 26311,Prom Dress,Prom Gown,Formal,Evening,2018 Prom Dresses,2018 Prom Gowns,Gigi by La Femme,LaFemme Dresses,La Femme Fashion,La Femme Evening Collection"
26317,"Burgundy, Royal Blue, Silver","00, 0, 2, 4, 6, 8, 10, 12",La Femme 26317,La Femme 26317 Dress,"La Femme 26317 dresses are available is these colors: Burgundy, Royal Blue, Silver. Our guaranteed low price is $298 for all sizes: 00-12.  Buy your authentic La Femme 26317 from an authorized International Prom Association Retailer.",298,La Femme,A-Line Dresses;Formal Dresses;Homecoming Dresses;Long Dresses;Party Dresses;Prom Dresses;Red Dresses;Sweetheart Neckline Dresses;V-Neck Dresses;La Femme;Blue Dresses;Silver Dresses,"La Femme 26317 dresses images.  Available in Burgundy, Royal Blue, Silver for $298",La Femme 26317,La Femme - 26317 - Formal Dress - Prom Dress - 26317,"La Femme 26317 prom dress available for $298. Buy with confidence, this is an authentic La Femme 26317 designer dress.","26317,La Femme,LaFemme 26317,Prom Dress,Prom Gown,Formal,Evening,2018 Prom Dresses,2018 Prom Gowns,Gigi by La Femme,LaFemme Dresses,La Femme Fashion,La Femme Evening Collection"
26324,"Fuchsia, Sapphire Blue, Silver","00, 0, 2, 4, 6, 8, 10, 12",La Femme 26324,La Femme 26324 Dress,"La Femme 26324 dresses are available is these colors: Fuchsia, Sapphire Blue, Silver. Our guaranteed low price is $398 for all sizes: 00-12.  Buy your authentic La Femme 26324 from an authorized International Prom Association Retailer.",398,La Femme,Fit and Flare Dresses;Formal Dresses;Homecoming Dresses;Long Dresses;Mermaid Dresses;Party Dresses;Prom Dresses;Purple Dresses;Sweetheart Neckline Dresses;Two Piece Dresses;V-Neck Dresses;La Femme;Blue Dresses;Silver Dresses,"La Femme 26324 dresses images.  Available in Fuchsia, Sapphire Blue, Silver for $398",La Femme 26324,La Femme - 26324 - Formal Dress - Prom Dress - 26324,"La Femme 26324 prom dress available for $398. Buy with confidence, this is an authentic La Femme 26324 designer dress.","26324,La Femme,LaFemme 26324,Prom Dress,Prom Gown,Formal,Evening,2018 Prom Dresses,2018 Prom Gowns,Gigi by La Femme,LaFemme Dresses,La Femme Fashion,La Femme Evening Collection"
26325,"Fuchsia Gold, Turquoise Multi","00, 0, 2, 4, 6, 8, 10, 12, 14, 16, 18, 20",La Femme 26325,La Femme 26325 Dress,"La Femme 26325 dresses are available is these colors: Fuchsia Gold, Turquoise Multi. Our guaranteed low price is $438 for all sizes: 00-20.  Buy your authentic La Femme 26325 from an authorized International Prom Association Retailer.",438,La Femme,Ball Gowns;Blue Dresses;Fit and Flare Dresses;Formal Dresses;Homecoming Dresses;Long Dresses;Party Dresses;Prom Dresses;Sweetheart Neckline Dresses;V-Neck Dresses;La Femme,"La Femme 26325 dresses images.  Available in Fuchsia Gold, Turquoise Multi for $438",La Femme 26325,La Femme - 26325 - Formal Dress - Prom Dress - 26325,"La Femme 26325 prom dress available for $438. Buy with confidence, this is an authentic La Femme 26325 designer dress.","26325,La Femme,LaFemme 26325,Prom Dress,Prom Gown,Formal,Evening,2018 Prom Dresses,2018 Prom Gowns,Gigi by La Femme,LaFemme Dresses,La Femme Fashion,La Femme Evening Collection"
26329,"Hot Pink, Ocean Blue","00, 0, 2, 4, 6, 8, 10, 12",La Femme 26329,La Femme 26329 Dress,"La Femme 26329 dresses are available is these colors: Hot Pink, Ocean Blue. Our guaranteed low price is $398 for all sizes: 00-12.  Buy your authentic La Femme 26329 from an authorized International Prom Association Retailer.",398,La Femme,A-Line Dresses;Formal Dresses;Homecoming Dresses;Long Dresses;Party Dresses;Pink Dresses;Prom Dresses;Sweetheart Neckline Dresses;V-Neck Dresses;La Femme;Blue Dresses,"La Femme 26329 dresses images.  Available in Hot Pink, Ocean Blue for $398",La Femme 26329,La Femme - 26329 - Formal Dress - Prom Dress - 26329,"La Femme 26329 prom dress available for $398. Buy with confidence, this is an authentic La Femme 26329 designer dress.","26329,La Femme,LaFemme 26329,Prom Dress,Prom Gown,Formal,Evening,2018 Prom Dresses,2018 Prom Gowns,Gigi by La Femme,LaFemme Dresses,La Femme Fashion,La Femme Evening Collection"
26334,Navy,"00, 0, 2, 4, 6, 8, 10, 12, 14",La Femme 26334,La Femme 26334 Dress,La Femme 26334 dresses are available is these colors: Navy. Our guaranteed low price is $698 for all sizes: 00-14.  Buy your authentic La Femme 26334 from an authorized International Prom Association Retailer.,698,La Femme,Ball Gowns;Blue Dresses;Fit and Flare Dresses;Formal Dresses;Homecoming Dresses;Long Dresses;Party Dresses;Prom Dresses;Sweetheart Neckline Dresses;V-Neck Dresses;La Femme,La Femme 26334 dresses images.  Available in Navy for $698,La Femme 26334,La Femme - 26334 - Formal Dress - Prom Dress - 26334,"La Femme 26334 prom dress available for $698. Buy with confidence, this is an authentic La Femme 26334 designer dress.","26334,La Femme,LaFemme 26334,Prom Dress,Prom Gown,Formal,Evening,2018 Prom Dresses,2018 Prom Gowns,Gigi by La Femme,LaFemme Dresses,La Femme Fashion,La Femme Evening Collection"
26337,"Cloud Blue, White","00, 0, 2, 4, 6, 8, 10, 12",La Femme 26337,La Femme 26337 Dress,"La Femme 26337 dresses are available is these colors: Cloud Blue, White. Our guaranteed low price is $598 for all sizes: 00-12.  Buy your authentic La Femme 26337 from an authorized International Prom Association Retailer.",598,La Femme,Ball Gowns;Blue Dresses;Fit and Flare Dresses;Formal Dresses;Homecoming Dresses;Long Dresses;Party Dresses;Prom Dresses;Scoop Necklines Dresses;La Femme;White Dresses,"La Femme 26337 dresses images.  Available in Cloud Blue, White for $598",La Femme 26337,La Femme - 26337 - Formal Dress - Prom Dress - 26337,"La Femme 26337 prom dress available for $598. Buy with confidence, this is an authentic La Femme 26337 designer dress.","26337,La Femme,LaFemme 26337,Prom Dress,Prom Gown,Formal,Evening,2018 Prom Dresses,2018 Prom Gowns,Gigi by La Femme,LaFemme Dresses,La Femme Fashion,La Femme Evening Collection"
26338,"Blush, Cloud Blue, White","00, 0, 2, 4, 6, 8, 10, 12, 14",La Femme 26338,La Femme 26338 Dress,"La Femme 26338 dresses are available is these colors: Blush, Cloud Blue, White. Our guaranteed low price is $498 for all sizes: 00-14.  Buy your authentic La Femme 26338 from an authorized International Prom Association Retailer.",498,La Femme,Ball Gowns;Blue Dresses;Fit and Flare Dresses;Formal Dresses;Homecoming Dresses;Long Dresses;Open Back Dresses;Party Dresses;Prom Dresses;Strapless Dresses;Sweetheart Neckline Dresses;V-Neck Dresses;La Femme;White Dresses,"La Femme 26338 dresses images.  Available in Blush, Cloud Blue, White for $498",La Femme 26338,La Femme - 26338 - Formal Dress - Prom Dress - 26338,"La Femme 26338 prom dress available for $498. Buy with confidence, this is an authentic La Femme 26338 designer dress.","26338,La Femme,LaFemme 26338,Prom Dress,Prom Gown,Formal,Evening,2018 Prom Dresses,2018 Prom Gowns,Gigi by La Femme,LaFemme Dresses,La Femme Fashion,La Femme Evening Collection"
26340,Navy,"00, 0, 2, 4, 6, 8, 10, 12, 14, 16, 18, 20",La Femme 26340,La Femme 26340 Dress,La Femme 26340 dresses are available is these colors: Navy. Our guaranteed low price is $418 for all sizes: 00-20.  Buy your authentic La Femme 26340 from an authorized International Prom Association Retailer.,418,La Femme,Ball Gowns;Blue Dresses;Fit and Flare Dresses;Formal Dresses;Homecoming Dresses;Long Dresses;Open Back Dresses;Party Dresses;Prom Dresses;Strapless Dresses;Sweetheart Neckline Dresses;V-Neck Dresses;La Femme,La Femme 26340 dresses images.  Available in Navy for $418,La Femme 26340,La Femme - 26340 - Formal Dress - Prom Dress - 26340,"La Femme 26340 prom dress available for $418. Buy with confidence, this is an authentic La Femme 26340 designer dress.","26340,La Femme,LaFemme 26340,Prom Dress,Prom Gown,Formal,Evening,2018 Prom Dresses,2018 Prom Gowns,Gigi by La Femme,LaFemme Dresses,La Femme Fashion,La Femme Evening Collection"
